Effective Date,Requested by,How Requested,Change Reason(s),Who Updated,Fiscal Year,CAN,Sys_Budget_ID,Project Title,CIG Name,CIG Type,Line Desc,Date Needed,Amount,PROC Fee Amount,Status,Comments,New (N) vs. Continuing (C),Applied Research (AR) vs. Evaluative (EV),OBE
1/25/2025,Downloaded,Per Apocalypse,Adios MAPS,Sheila,2025,G99RD25 (R&D-5 YR),14062,ACF Data Capacity,ACF Data Capacity,contract,Base Year Core GFE Estimate,9/30/2025," $300,000.00 ",,OPRE,per Bethanne 2/15/24; per Bethanne email 9/16/24,N,EV,True
1/25/2025,Downloaded,Per Apocalypse,Adios MAPS,Sheila,2025,G99RD25 (R&D-5 YR),13685,ACF Data Capacity,ACF Data Capacity,contract,Option 1 Core Component,9/30/2025," $2,849,262.38 ",,OPRE,per new contract spreadsheet 1/9/24; per Nicole email 1/30/24; per Nicole email 2/14/24; per Rafael email 7/30/24; per Nicole email 10/15/24,N,EV,
1/25/2025,Downloaded,Per Apocalypse,Adios MAPS,Sheila,2025,G99RD25 (R&D-5 YR),13761,ACF Data Capacity,ACF Data Capacity,contract,Option 1 Surge Component,9/30/2025," $3,324,629.60 ",,OPRE,per Bethanne email 2/15/24;per Rafael email 7/25/24; per Nicole email 10/15/24,N,EV,
1/25/2025,Downloaded,Per Apocalypse,Adios MAPS,Sheila,2025,G99CC25 (CC - 5 YR),10946,Acquisition Services,DOI - Acq Support Supplemental (ATAPPS II),iaa,OP 3 - CC - Shared Cost,2/1/2025," $898,880.00 ",,OPRE,per spreadsheet; updated per shared cost spreadsheet 10/24/24,C,EV,False
1/25/2025,Downloaded,Per Apocalypse,Adios MAPS,Sheila,2025,G99WRGB (CCE),14685,Acquisition Services,DOI - Acq Support Supplemental (ATAPPS II),iaa,OP 3 - CCE - Personnel Cost,2/1/2025," $226,895.76 ",,OPRE,per ATAPPS spreadsheet 12/13/24,C,EV,False
1/25/2025,Downloaded,Per Apocalypse,Adios MAPS,Sheila,2025,G99WRGB (CCE),10954,Acquisition Services,DOI - Acq Support Supplemental (ATAPPS II),iaa,OP 3 - CCE - Shared Cost,2/1/2025," $453,440.00 ",,OPRE,per spreadsheet; updated per shared cost spreadsheet 10/24/24,C,EV,False
1/25/2025,Downloaded,Per Apocalypse,Adios MAPS,Sheila,2025,G99HRF2 (OPRE-HMRF),10962,Acquisition Services,DOI - Acq Support Supplemental (ATAPPS II),iaa,OP 3 - HM/RF - Shared Cost,2/1/2025," $336,000.00 ",,OPRE,per spreadsheet; updated per shared cost spreadsheet 10/24/24,C,EV,False
1/25/2025,Downloaded,Per Apocalypse,Adios MAPS,Sheila,2025,G99HRF2 (OPRE-HMRF),14677,Acquisition Services,DOI - Acq Support Supplemental (ATAPPS II),iaa,OP 3 - HMRF - Personnel Cost,2/1/2025," $63,652.92 ",,OPRE,per ATAPPS spreadsheet 12/13/24,C,EV,False
1/25/2025,Downloaded,Per Apocalypse,Adios MAPS,Sheila,2025,G99HS25 (HS-5 YR),14683,Acquisition Services,DOI - Acq Support Supplemental (ATAPPS II),iaa,OP 3 - HS - Personnel Cost,2/1/2025," $226,895.76 ",,OPRE,per ATAPPS spreadsheet 12/13/24,C,EV,False
1/25/2025,Downloaded,Per Apocalypse,Adios MAPS,Sheila,2025,G99HS25 (HS-5 YR),10935,Acquisition Services,DOI - Acq Support Supplemental (ATAPPS II),iaa,OP 3 - HS - Shared Cost,2/1/2025," $537,280.00 ",,OPRE,per spreadsheet; updated per shared cost spreadsheet 10/24/24,C,EV,False
3/12/2025,Downloaded,Per Apocalypse,MAPS Clean Up,Nancy,2025,G99PB12 (MHV - Admin),14679,Acquisition Services,DOI - Acq Support Supplemental (ATAPPS II),iaa,OP 3 - HV - Personnel Cost,2/1/2025," $62,652.92 ",,OPRE,per ATAPPS spreadsheet 12/13/24,C,EV,False
1/25/2025,Downloaded,Per Apocalypse,Adios MAPS,Sheila,2025,G99RD25 (R&D-5 YR),14675,Acquisition Services,DOI - Acq Support Supplemental (ATAPPS II),iaa,OP 3 - SSRD - Personnel Cost,2/1/2025," $336,924.84 ",,OPRE,per ATAPPS spreadsheet 12/13/24,C,EV,False
1/25/2025,Downloaded,Per Apocalypse,Adios MAPS,Sheila,2025,G99RD25 (R&D-5 YR),10919,Acquisition Services,DOI - Acq Support Supplemental (ATAPPS II),iaa,OP 3 - SSRD - Shared Cost,2/1/2025," $201,600.00 ",,OPRE,per spreadsheet; updated per shared cost spreadsheet 10/24/24,C,EV,False
1/25/2025,Downloaded,Per Apocalypse,Adios MAPS,Sheila,2025,G99THV2 (Tribal HV - Admin),14681,Acquisition Services,DOI - Acq Support Supplemental (ATAPPS II),iaa,OP 3 - THV - Personnel Cost,2/1/2025," $399,254.93 ",,OPRE,per ATAPPS spreadsheet 12/13/24,C,EV,False
1/25/2025,Downloaded,Per Apocalypse,Adios MAPS,Sheila,2025,G996121 (WR),14672,Acquisition Services,DOI - Acq Support Supplemental (ATAPPS II),iaa,OP 3 - WR - Personnel Cost,2/1/2025," $128,905.84 ",,OPRE,per ATAPPS spreadsheet 12/13/24,C,EV,False
1/25/2025,Downloaded,Per Apocalypse,Adios MAPS,Sheila,2025,G99RD23 (R&D-5 YR),14645,Acquisition Services,Shared - Acquisition Services 2025 (ATAPPS I),contract,SC 1 - WR SWAP - SHARED RECOVERED,9/30/2025," $74,361.00 ",,OPRE,per shared cost spreadsheet 10/24/24 - Using Recovery Funding from RD23 - based on swaps in FY24 in ATAPPS I OY 4,N,EV,False
1/25/2025,Downloaded,Per Apocalypse,Adios MAPS,Sheila,2025,G996121 (WR),12144,BEES 2.0,DOI - BEES 2.0,iaa,OSC 3 - $0 in contract,9/1/2025," $2,890,623.27 ",,OPRE,updated per Megan email 4/26/23; updated per Megan email 10/30/23; per Megan email 10/8/24,C,EV,False
1/25/2025,Downloaded,Per Apocalypse,Adios MAPS,Sheila,2025,G99HS25 (HS-5 YR),3960,Baby FACES,Baby FACES 2015-2020,contract,OSC5,9/30/2025," $208,651.00 ",,OPRE,,C,EV,True
1/25/2025,Downloaded,Per Apocalypse,Adios MAPS,Sheila,2025,G99RD24 (R&D-5 YR),11321,Behavioral Interventions To Advance Self-Sufficiency (BIAS),DOI - BIAS 2.0,iaa,OSC 4,6/1/2025," $297,621.75 ",,OPRE,per Kim email 5/2/22; updated per base award 10/18/22,C,EV,False
1/25/2025,Downloaded,Per Apocalypse,Adios MAPS,Sheila,2025,G996121 (WR),12615,Building HMRF Programs’ Capacity To Address DV/IPV,DV/IPV Strategies in HMRF Programs,contract,OSC 1,7/31/2025," $301,518.00 ",9045.54,OPRE,per Katie email 5/11/23; updated per Katie email 11/2/23; per Jesse email 10/8/24; per Jesse email 11/4/24,C,EV,True
1/25/2025,Downloaded,Per Apocalypse,Adios MAPS,Sheila,2025,G99CD22 (OPRE CA Disc Resrch),11388,CB - Youth At Risk Of Homelessness (YARH),NIH - Supporting Eval for YARH III,iaa,OSC 4 - $0 in contract,6/15/2025," $197,974.00 ",,OPRE,per Mary contracts spreadsheet; per Mary updated spreadsheet 6/16/22; updated per Mary email 10/3/22,C,EV,True
1/25/2025,Downloaded,Per Apocalypse,Adios MAPS,Sheila,2025,G99WRGB (CCE),10773,CC - Child Care Research Partnerships,Child Care Policy Research Partnerships FY22-FY25,grants,Grant 1 Year 4,9/30/2025," $400,000.00 ",,OPRE,per Ivelisse email 11/30/21,C,EV,
1/25/2025,Downloaded,Per Apocalypse,Adios MAPS,Sheila,2025,G99WRGB (CCE),10776,CC - Child Care Research Partnerships,Child Care Policy Research Partnerships FY22-FY25,grants,Grant 2 Year 4,9/30/2025," $400,000.00 ",,OPRE,per Ivelisse email 11/30/21,C,EV,
1/25/2025,Downloaded,Per Apocalypse,Adios MAPS,Sheila,2025,G99WRGB (CCE),10779,CC - Child Care Research Partnerships,Child Care Policy Research Partnerships FY22-FY25,grants,Grant 3 Year 4,9/30/2025," $399,971.00 ",,OPRE,per Ivelisse email 11/30/21,C,EV,
1/25/2025,Downloaded,Per Apocalypse,Adios MAPS,Sheila,2025,G99WRGB (CCE),10782,CC - Child Care Research Partnerships,Child Care Policy Research Partnerships FY22-FY25,grants,Grant 4 Year 4,9/30/2025," $400,000.00 ",,OPRE,per Ivelisse email 11/30/21,C,EV,
1/25/2025,Downloaded,Per Apocalypse,Adios MAPS,Sheila,2025,G99WRGB (CCE),10785,CC - Child Care Research Partnerships,Child Care Policy Research Partnerships FY22-FY25,grants,Grant 5 Year 4,9/30/2025," $400,000.00 ",,OPRE,per Ivelisse email 11/30/21,C,EV,
1/25/2025,Downloaded,Per Apocalypse,Adios MAPS,Sheila,2025,G99WRGB (CCE),10788,CC - Child Care Research Partnerships,Child Care Policy Research Partnerships FY22-FY25,grants,Grant 6 Year 4,9/30/2025," $399,995.00 ",,OPRE,per Ivelisse email 11/30/21,C,EV,
1/25/2025,Downloaded,Per Apocalypse,Adios MAPS,Sheila,2025,G99WRGB (CCE),10791,CC - Child Care Research Partnerships,Child Care Policy Research Partnerships FY22-FY25,grants,Grant 7 Year 4,9/30/2025," $322,645.00 ",,OPRE,per Ivelisse email 11/30/21,C,EV,
1/25/2025,Downloaded,Per Apocalypse,Adios MAPS,Sheila,2025,G99WRGB (CCE),10794,CC - Child Care Research Partnerships,Child Care Policy Research Partnerships FY22-FY25,grants,Grant 8 Year 4,9/30/2025," $399,973.00 ",,OPRE,per Ivelisse email 11/30/21,C,EV,
1/25/2025,Downloaded,Per Apocalypse,Adios MAPS,Sheila,2025,G99WRGB (CCE),12618,CC - Child Care Research Partnerships,Child Care Policy Research Partnerships FY22-FY25,grants,Grant 9 Year 4,9/30/2025," $399,996.00 ",,OPRE,per Ivelisse email 11/30/21,C,EV,
1/25/2025,Downloaded,Per Apocalypse,Adios MAPS,Sheila,2025,G99HS25 (HS-5 YR),14644,CC - Child Development Fellowships,FY24-FY29 Child Development Fellows,grants,HS Fellows,9/30/2025," $300,000.00 ",,OPRE,,C,EV,False
1/25/2025,Downloaded,Per Apocalypse,Adios MAPS,Sheila,2025,G99CC24 (CC - 5 YR),12233,CC - Fam CC Study- Engaging In Quality  Init +QRIS,Home-Based Child Care Supply and Quality,contract,OSC 3.b - Collect Original Data,3/15/2025," $2,769,091.00 ",83072.73,OPRE,per Ivelisse spreadsheet 4-29-19; per Final award 8-23-19 - SMC; pushed to FY22 per Ivelisse email 5/27/21; Updated per 07/29/2022 Ann R email 8/03/2022; per Ivelisse email 2/9/23; per Ann email 3/1/23; updated per Ivelisse email 4/11/23; per Ivelisse email 2/15/24,C,EV,True
1/25/2025,Downloaded,Per Apocalypse,Adios MAPS,Sheila,2025,G99CC24 (CC - 5 YR),13647,CC - Fam CC Study- Engaging In Quality  Init +QRIS,Home-based Child Care Quality Improvement,contract,SC 1,9/1/2025," $2,000,000.00 ",60000,OPRE,per new contract spreadsheet 1/9/24,N,EV,True
1/25/2025,Downloaded,Per Apocalypse,Adios MAPS,Sheila,2025,G99WRGB (CCE),6726,CC - Models Of Coordinated Services,Models of Coordinated Services (AMCS),contract,OSC 4,1/2/2025," $65,527.00 ",1965.81,OPRE,per Ivelisee conversation/email 8-13-18; updated CAN per Ivelisse email 10/27/2018,C,EV,True
1/25/2025,Downloaded,Per Apocalypse,Adios MAPS,Sheila,2025,G99WRGB (CCE),6728,CC - Models Of Coordinated Services,Models of Coordinated Services (AMCS),contract,OSC 6,1/2/2025," $15,115.00 ",453.45,OPRE,per Ivelisee conversation/email 8-13-18; updated CAN per Ivelisse email 10/27/2018,C,EV,True
1/25/2025,Downloaded,Per Apocalypse,Adios MAPS,Sheila,2025,G99WRGB (CCE),11739,CC Scholars,FY24 CC Scholars,grants,Grant 1 of 2 Year 2 - FY25,9/29/2025," $25,000.00 ",,OPRE,Update per Toria Herd 7/26/24,C,EV,False
1/25/2025,Downloaded,Per Apocalypse,Adios MAPS,Sheila,2025,G99WRGB (CCE),11740,CC Scholars,FY24 CC Scholars,grants,Grant 2 of 2 Year 2 - FY25,9/29/2025," $25,000.00 ",,OPRE,Update per Toria Herd 7/26/24,C,EV,True
1/25/2025,Downloaded,Per Apocalypse,Adios MAPS,Sheila,2025,G99CC25 (CC - 5 YR),8696,CCEEPRA (CCEE Policy And Research Analyses),CCEEPRA - 2020,contract,OSC 4D,9/30/2025," $283,401.00 ",8502.03,OPRE,per submitted spreadsheet 1-24-20; updated per final contract numbers,C,EV,True
1/25/2025,Downloaded,Per Apocalypse,Adios MAPS,Sheila,2025,G99CC25 (CC - 5 YR),9274,CCEEPRA (CCEE Policy And Research Analyses),CCEEPRA - 2020,contract,OSC 6D,9/15/2025," $108,288.00 ",3248.64,OPRE,per final contract numbers,C,EV,True
1/25/2025,Downloaded,Per Apocalypse,Adios MAPS,Sheila,2025,G99CC24 (CC - 5 YR),14106,CCEEPRA (CCEE Policy And Research Analyses),CEEPRA 2025,contract,SC 1,3/31/2025," $5,500,000.00 ",165000,OPRE,per Ivelisse email 8/22/24,N,EV,False
1/25/2025,Downloaded,Per Apocalypse,Adios MAPS,Sheila,2025,G99CC25 (CC - 5 YR),14715,CCPRP: Evaluating CCDF Lead Agencies’ Consumer Education Strategies,Evaluating CCDF Lead Agencies Consumer Education Strategies,grants,Year 1 - Grant 1 of 6,9/30/2025," $450,000.00 ",,OPRE,,N,EV,True
1/25/2025,Downloaded,Per Apocalypse,Adios MAPS,Sheila,2025,G99CC25 (CC - 5 YR),14713,CCPRP: Evaluating CCDF Lead Agencies’ Consumer Education Strategies,Evaluating CCDF Lead Agencies Consumer Education Strategies,grants,Year 1 - Grant 2 of 6,9/30/2025," $450,000.00 ",,OPRE,,N,EV,True
1/25/2025,Downloaded,Per Apocalypse,Adios MAPS,Sheila,2025,G99CC25 (CC - 5 YR),14714,CCPRP: Evaluating CCDF Lead Agencies’ Consumer Education Strategies,Evaluating CCDF Lead Agencies Consumer Education Strategies,grants,Year 1 - Grant 3 of 6,9/30/2025," $450,000.00 ",,OPRE,,N,EV,True
1/25/2025,Downloaded,Per Apocalypse,Adios MAPS,Sheila,2025,G99CC25 (CC - 5 YR),14716,CCPRP: Evaluating CCDF Lead Agencies’ Consumer Education Strategies,Evaluating CCDF Lead Agencies Consumer Education Strategies,grants,Year 1 - Grant 4 of 6,9/30/2025," $450,000.00 ",,OPRE,,N,EV,True
1/25/2025,Downloaded,Per Apocalypse,Adios MAPS,Sheila,2025,G99CC25 (CC - 5 YR),14717,CCPRP: Evaluating CCDF Lead Agencies’ Consumer Education Strategies,Evaluating CCDF Lead Agencies Consumer Education Strategies,grants,Year 1 - Grant 5 of 6,9/30/2025," $450,000.00 ",,OPRE,,N,EV,True
1/25/2025,Downloaded,Per Apocalypse,Adios MAPS,Sheila,2025,G99CC25 (CC - 5 YR),14718,CCPRP: Evaluating CCDF Lead Agencies’ Consumer Education Strategies,Evaluating CCDF Lead Agencies Consumer Education Strategies,grants,Year 1 - Grant 6 of 6,9/30/2025," $450,000.00 ",,OPRE,,N,EV,True
1/25/2025,Downloaded,Per Apocalypse,Adios MAPS,Sheila,2025,G99CC25 (CC - 5 YR),14687,Center For Advancing Evidence-Based Decision-Making In Child Care And Early Education,Center for Advancing Evidence-Based Decision-Making in CCEE,contract,SC 1,8/15/2025," $2,000,000.00 ",60000,OPRE,per new contract spreadsheet 12/18/24,N,EV,True
1/25/2025,Downloaded,Per Apocalypse,Adios MAPS,Sheila,2025,G99WRGB (CCE),10797,Center For Evaluation Capacity Building Of CCDF Ag,Center for Evaluation Capacity Building of CCDF Ag,grants,Year 4 Grant 1,9/30/2025," $1,497,906.00 ",,OPRE,per Ivelisse email 11/30/21,C,AR,
1/25/2025,Downloaded,Per Apocalypse,Adios MAPS,Sheila,2025,G99CC25 (CC - 5 YR),13479,Center For Home-based Child Care Supply Research,Center for home-based child care supply research,grants,Year 2 - Grant 1 of 1,9/30/2025," $1,000,000.00 ",,OPRE,per Ivelisse email 12/21/23; per Ivelisse email 8/22/24,C,EV,
3/12/2025,,,MAPS Clean Up,Nancy,2025,G99MVC5 (MHV-25),11283,Center For Indigenous Research Collaborations And Learning For Home Visiting (CIRCLE-HV),NIH - HV- Learning for Home Visiting (CIRCLE-HV),iaa,OSC 4 - $0 in contract,6/1/2025," $1,509,998.36 ",,OPRE,per final award,C,EV,False
1/25/2025,Downloaded,Per Apocalypse,Adios MAPS,Sheila,2025,G99WRGB (CCE),12389,Center For Res On Hispanic Children & Families,Center For Res On Hispanic Children & Families (FY 23 - FY 27),grants,Year 3 - Grant 1 of 4 - FY 25,9/29/2025," $500,000.00 ",,OPRE,Per Ann Rivera email 1/26/2023,C,AR,
1/25/2025,Downloaded,Per Apocalypse,Adios MAPS,Sheila,2025,G99HS25 (HS-5 YR),12390,Center For Res On Hispanic Children & Families,Center For Res On Hispanic Children & Families (FY 23 - FY 27),grants,Year 3 - Grant 2 of 4 - FY 25,9/29/2025," $500,000.00 ",,OPRE,Per Ann Rivera email 1/26/2023,C,AR,False
1/25/2025,Downloaded,Per Apocalypse,Adios MAPS,Sheila,2025,G996121 (WR),12391,Center For Res On Hispanic Children & Families,Center For Res On Hispanic Children & Families (FY 23 - FY 27),grants,Year 3 - Grant 3 of 4 - FY 25,9/29/2025," $500,000.00 ",,OPRE,Per Ann Rivera email 1/26/2023,C,AR,False
1/25/2025,Downloaded,Per Apocalypse,Adios MAPS,Sheila,2025,G99CC25 (CC - 5 YR),9078,Center For Res- African American Children & Fam,Center for Research on African American Children & Families,grants,Year 5 - CC,9/28/2025," $400,000.00 ",,OPRE,per Naomi email 7-17-20; updated per Megan Reid email 11/18/24,C,AR,False
1/25/2025,Downloaded,Per Apocalypse,Adios MAPS,Sheila,2025,G99HS25 (HS-5 YR),9083,Center For Res- African American Children & Fam,Center for Research on African American Children & Families,grants,Year 5 - HS,9/28/2025," $400,000.00 ",,OPRE,per Naomi email 7-17-20; 200k added per Megan email 5/5/21,C,AR,
1/25/2025,Downloaded,Per Apocalypse,Adios MAPS,Sheila,2025,G996121 (WR),9073,Center For Res- African American Children & Fam,Center for Research on African American Children & Families,grants,Year 5 - WR,9/28/2025," $900,000.00 ",,OPRE,per Naomi email 7-17-20; increased per Megan email 3/16/21,C,AR,
1/25/2025,Downloaded,Per Apocalypse,Adios MAPS,Sheila,2025,G99CF25 (OPRE-CHAF RES - 5 YR),13716,Chafee Housing,Chafee Housing,contract,OSC 2,9/30/2025," $980,000.00 ",29400,OPRE,per new contract spreadsheet 1/31/24,C,EV,
1/25/2025,Downloaded,Per Apocalypse,Adios MAPS,Sheila,2025,G99CC25 (CC - 5 YR),6121,Child And Family Data Archive,Child and Family Data Archive,contract,OSC 5 - CC,9/20/2025," $520,556.00 ",15616.68,OPRE,per spreadsheet from Chris F 1-16-18;rev spreadsheet - Chris F - 5-18-18; updated per Chris spreadsheet  9/5; updated FY per Chris 2/24/22,C,EV,True
1/25/2025,Downloaded,Per Apocalypse,Adios MAPS,Sheila,2025,G99HS25 (HS-5 YR),6362,Child And Family Data Archive,Child and Family Data Archive,contract,OSC 5 - HS,9/20/2025," $520,555.00 ",15616.65,OPRE,per spreadsheet from Chris F 1-16-18;rev spreadsheet - Chris F - 5-18-18; rev 8/29 per Chris email - change CAN; updated per Chris spreadsheet  9/5; updated FY per Chris 2/24/22,C,EV,True
1/25/2025,Downloaded,Per Apocalypse,Adios MAPS,Sheila,2025,G99CC25 (CC - 5 YR),6363,Child And Family Data Archive,Child and Family Data Archive,contract,OSC 8 - CC,9/20/2025," $74,798.00 ",2243.94,OPRE,per spreadsheet from Chris F 1-16-18;rev spreadsheet - Chris F - 5-18-18; updated per Chris spreadsheet  9/5; updated FY per Chris 2/24/22,C,EV,True
1/25/2025,Downloaded,Per Apocalypse,Adios MAPS,Sheila,2025,G99HS25 (HS-5 YR),6364,Child And Family Data Archive,Child and Family Data Archive,contract,OSC 8 -HS,9/20/2025," $74,797.00 ",2243.91,OPRE,per spreadsheet from Chris F 1-16-18;rev spreadsheet - Chris F - 5-18-18; updated per Chris spreadsheet 9/5; updated FY per Chris 2/24/22,C,EV,True
1/25/2025,Downloaded,Per Apocalypse,Adios MAPS,Sheila,2025,G99CC25 (CC - 5 YR),11171,Child And Family Data Archive,NIH - Child And Family Data Archive,iaa,OSC 4,6/7/2025," $522,000.00 ",,OPRE,"per spreadsheet - 2/18/22; updated per Chris spreadsheet 5/4, $0 in contract",C,EV,False
1/25/2025,Downloaded,Per Apocalypse,Adios MAPS,Sheila,2025,G99HS25 (HS-5 YR),11173,Child And Family Data Archive,NIH - Child And Family Data Archive,iaa,OSC 4,6/7/2025," $522,000.00 ",,OPRE,"per spreadsheet - 2/18/22; updated per Chris spreadsheet 5/4, $0 in contract",C,EV,False
1/25/2025,Downloaded,Per Apocalypse,Adios MAPS,Sheila,2025,G99CC25 (CC - 5 YR),14046,Child Care Policy Research Partnerships,Child Care Policy Research Partnerships,grants,Year 2 - Grant 1 of 10,9/30/2025," $394,672.00 ",,OPRE,Per Shannon Warren 7/23/24; Per Shannon Warren 7/23/24,C,EV,
1/25/2025,Downloaded,Per Apocalypse,Adios MAPS,Sheila,2025,G99CC25 (CC - 5 YR),13514,Child Care Policy Research Partnerships,Child Care Policy Research Partnerships,grants,Year 2 - Grant 10 of 10,9/30/2025," $400,000.00 ",,OPRE,Per Ivelisse email 12/21/23; Per Shannon Warren 7/23/24,C,EV,
1/25/2025,Downloaded,Per Apocalypse,Adios MAPS,Sheila,2025,G99CC25 (CC - 5 YR),14051,Child Care Policy Research Partnerships,Child Care Policy Research Partnerships,grants,Year 2 - Grant 2 of 10,9/30/2025," $400,000.00 ",,OPRE,Per Shannon Warren 7/23/24,C,EV,
1/25/2025,Downloaded,Per Apocalypse,Adios MAPS,Sheila,2025,G99CC25 (CC - 5 YR),13507,Child Care Policy Research Partnerships,Child Care Policy Research Partnerships,grants,Year 2 - Grant 3 of 10,9/30/2025," $400,000.00 ",,OPRE,Per Ivelisse email 12/21/23; Per Shannon Warren 7/23/24,C,EV,False
1/25/2025,Downloaded,Per Apocalypse,Adios MAPS,Sheila,2025,G99CC25 (CC - 5 YR),13508,Child Care Policy Research Partnerships,Child Care Policy Research Partnerships,grants,Year 2 - Grant 4 of 10,9/30/2025," $397,254.00 ",,OPRE,Per Ivelisse email 12/21/23; Per Shannon Warren 7/23/24,C,EV,False
1/25/2025,Downloaded,Per Apocalypse,Adios MAPS,Sheila,2025,G99CC25 (CC - 5 YR),13509,Child Care Policy Research Partnerships,Child Care Policy Research Partnerships,grants,Year 2 - Grant 5 of 10,9/30/2025," $399,999.00 ",,OPRE,Per Ivelisse email 12/21/23; Per Shannon Warren 7/23/24,C,EV,False
1/25/2025,Downloaded,Per Apocalypse,Adios MAPS,Sheila,2025,G99CC25 (CC - 5 YR),13510,Child Care Policy Research Partnerships,Child Care Policy Research Partnerships,grants,Year 2 - Grant 6 of 10,9/30/2025," $395,525.00 ",,OPRE,Per Ivelisse email 12/21/23; Per Shannon Warren 7/23/24,C,EV,False
1/25/2025,Downloaded,Per Apocalypse,Adios MAPS,Sheila,2025,G99CC25 (CC - 5 YR),13511,Child Care Policy Research Partnerships,Child Care Policy Research Partnerships,grants,Year 2 - Grant 7 of 10,9/30/2025," $400,000.00 ",,OPRE,Per Ivelisse email 12/21/23; Per Shannon Warren 7/23/24,C,EV,False
1/25/2025,Downloaded,Per Apocalypse,Adios MAPS,Sheila,2025,G99CC25 (CC - 5 YR),13512,Child Care Policy Research Partnerships,Child Care Policy Research Partnerships,grants,Year 2 - Grant 8 of 10,9/30/2025," $399,826.00 ",,OPRE,Per Ivelisse email 12/21/23; Per Shannon Warren 7/23/24,C,EV,False
1/25/2025,Downloaded,Per Apocalypse,Adios MAPS,Sheila,2025,G99CC25 (CC - 5 YR),13513,Child Care Policy Research Partnerships,Child Care Policy Research Partnerships,grants,Year 2 - Grant 9 of 10,9/30/2025," $388,528.00 ",,OPRE,Per Ivelisse email 12/21/23; Per Shannon Warren 7/23/24,C,EV,False
1/25/2025,Downloaded,Per Apocalypse,Adios MAPS,Sheila,2025,G99FE25 (OPRE FC),14626,Child Welfare Research Partnerships: Understanding Data Use Practices For Continuous Quality Improvement,Understanding Data Use Practices for Continuous Quality Improvement,grants,Year 1 - Grant 1 of 5,9/30/2025," $1,600,000.00 ",,OPRE,,N,EV,True
1/25/2025,Downloaded,Per Apocalypse,Adios MAPS,Sheila,2025,G99FE25 (OPRE FC),14627,Child Welfare Research Partnerships: Understanding Data Use Practices For Continuous Quality Improvement,Understanding Data Use Practices for Continuous Quality Improvement,grants,Year 1 - Grant 2 of 5,9/30/2025," $1,600,000.00 ",,OPRE,,N,EV,True
1/25/2025,Downloaded,Per Apocalypse,Adios MAPS,Sheila,2025,G99FE25 (OPRE FC),14628,Child Welfare Research Partnerships: Understanding Data Use Practices For Continuous Quality Improvement,Understanding Data Use Practices for Continuous Quality Improvement,grants,Year 1 - Grant 3 of 5,9/30/2025," $1,600,000.00 ",,OPRE,,N,EV,True
1/25/2025,Downloaded,Per Apocalypse,Adios MAPS,Sheila,2025,G99FE25 (OPRE FC),14629,Child Welfare Research Partnerships: Understanding Data Use Practices For Continuous Quality Improvement,Understanding Data Use Practices for Continuous Quality Improvement,grants,Year 1 - Grant 4 of 5,9/30/2025," $1,600,000.00 ",,OPRE,,N,EV,True
1/25/2025,Downloaded,Per Apocalypse,Adios MAPS,Sheila,2025,G99FE25 (OPRE FC),14630,Child Welfare Research Partnerships: Understanding Data Use Practices For Continuous Quality Improvement,Understanding Data Use Practices for Continuous Quality Improvement,grants,Year 1 - Grant 5 of 5,9/30/2025," $1,600,000.00 ",,OPRE,,N,EV,True
1/25/2025,Downloaded,Per Apocalypse,Adios MAPS,Sheila,2025,G99HS24 (HS-5 YR),14371,Comprehensive Services In HS/EHS,HS Connects Follow-on,contract,Option 1 - Labor,4/1/2025," $268,162.79 ",,OPRE,per spreadsheet 12/21/22; per Sarah email 5/4/23; per Sarah email 7/26/24; per Paula email 9/27/24,C,EV,
1/25/2025,Downloaded,Per Apocalypse,Adios MAPS,Sheila,2025,G99HS24 (HS-5 YR),14370,Comprehensive Services In HS/EHS,HS Connects Follow-on,contract,Option 1 - OLM,4/1/2025," $5,275.30 ",,OPRE,per spreadsheet 12/21/22; per Sarah email 5/4/23; per Sarah email 7/26/24; per Paula email 9/27/24,C,EV,
1/25/2025,Downloaded,Per Apocalypse,Adios MAPS,Sheila,2025,G99HS24 (HS-5 YR),14372,Comprehensive Services In HS/EHS,HS Connects Follow-on,contract,Option 1 - Travel,4/1/2025," $1,474.00 ",,OPRE,per spreadsheet 12/21/22; per Sarah email 5/4/23; per Sarah email 7/26/24; per Paula email 9/27/24,C,EV,
1/25/2025,Downloaded,Per Apocalypse,Adios MAPS,Sheila,2025,G99WRGB (CCE),12937,Coordinated Evaluations Of CCDF Policies,Coordinated Evaluations of CCDF Policies and Initiatives: Implementation Grants,grants,Year 3 - Grant 1 of 9,9/30/2025," $399,335.00 ",,OPRE,per Paula Daneri email 2/24/2023; Grant budget updated per email from Paula Daneri 8/1/2023.,C,EV,False
1/25/2025,Downloaded,Per Apocalypse,Adios MAPS,Sheila,2025,G99WRGB (CCE),12940,Coordinated Evaluations Of CCDF Policies,Coordinated Evaluations of CCDF Policies and Initiatives: Implementation Grants,grants,Year 3 - Grant 2 of 9,9/30/2025," $400,000.00 ",,OPRE,per Paula Daneri email 2/24/2023;Grant budget updated per email from Paula Daneri 8/1/2023.,C,EV,False
1/25/2025,Downloaded,Per Apocalypse,Adios MAPS,Sheila,2025,G99WRGB (CCE),12943,Coordinated Evaluations Of CCDF Policies,Coordinated Evaluations of CCDF Policies and Initiatives: Implementation Grants,grants,Year 3 - Grant 3 of 9,9/30/2025," $400,000.00 ",,OPRE,per Paula Daneri email 2/24/2023;Grant budget updated per email from Paula Daneri 8/1/2023.,C,EV,False
1/25/2025,Downloaded,Per Apocalypse,Adios MAPS,Sheila,2025,G99WRGB (CCE),12946,Coordinated Evaluations Of CCDF Policies,Coordinated Evaluations of CCDF Policies and Initiatives: Implementation Grants,grants,Year 3 - Grant 4 of 9,9/30/2025," $400,000.00 ",,OPRE,per Paula Daneri email 2/24/2023;Grant budget updated per email from Paula Daneri 8/1/2023.,C,EV,False
1/25/2025,Downloaded,Per Apocalypse,Adios MAPS,Sheila,2025,G99WRGB (CCE),12949,Coordinated Evaluations Of CCDF Policies,Coordinated Evaluations of CCDF Policies and Initiatives: Implementation Grants,grants,Year 3 - Grant 5 of 9,9/30/2025," $400,000.00 ",,OPRE,per Paula Daneri email 2/24/2023;Grant budget updated per email from Paula Daneri 8/1/2023.,C,EV,False
1/25/2025,Downloaded,Per Apocalypse,Adios MAPS,Sheila,2025,G99WRGB (CCE),12952,Coordinated Evaluations Of CCDF Policies,Coordinated Evaluations of CCDF Policies and Initiatives: Implementation Grants,grants,Year 3 - Grant 6 of 9,9/30/2025," $380,551.00 ",,OPRE,per Paula Daneri email 2/24/2023;Grant budget updated per email from Paula Daneri 8/1/2023.,C,EV,False
1/25/2025,Downloaded,Per Apocalypse,Adios MAPS,Sheila,2025,G99WRGB (CCE),12955,Coordinated Evaluations Of CCDF Policies,Coordinated Evaluations of CCDF Policies and Initiatives: Implementation Grants,grants,Year 3 - Grant 7 of 9,9/30/2025," $398,826.00 ",,OPRE,per Paula Daneri email 2/24/2023;Grant budget updated per email from Paula Daneri 8/1/2023.,C,EV,False
1/25/2025,Downloaded,Per Apocalypse,Adios MAPS,Sheila,2025,G99WRGB (CCE),12958,Coordinated Evaluations Of CCDF Policies,Coordinated Evaluations of CCDF Policies and Initiatives: Implementation Grants,grants,Year 3 - Grant 8 of 9,9/30/2025," $457,870.00 ",,OPRE,per Paula Daneri email 2/24/2023;Grant budget updated per email from Paula Daneri 8/1/2023.,C,EV,False
1/25/2025,Downloaded,Per Apocalypse,Adios MAPS,Sheila,2025,G99WRGB (CCE),12961,Coordinated Evaluations Of CCDF Policies,Coordinated Evaluations of CCDF Policies and Initiatives: Implementation Grants,grants,Year 3 - Grant 9 of 9,9/30/2025," $400,000.00 ",,OPRE,per Paula Daneri email 2/24/2023;Grant budget updated per email from Paula Daneri 8/1/2023.,C,EV,False
1/25/2025,Downloaded,Per Apocalypse,Adios MAPS,Sheila,2025,G996121 (WR),9842,DEI Grant Support,DOI - DEI Grants Support,iaa,OSC 11,9/1/2025," $76,516.95 ",,OPRE,"Per Breakdown from Amelia email 4/21/20, with 4% Feeper year on separate line; updated per Amelia email 10/25/22; updated per Liz email 4/24/23",C,EV,True
1/25/2025,Downloaded,Per Apocalypse,Adios MAPS,Sheila,2025,G996121 (WR),9847,DEI Grant Support,DOI - DEI Grants Support,iaa,OSC 12,9/1/2025," $62,894.42 ",,OPRE,"Per Breakdown from Amelia email 4/21/20, with 4% Feeper year on separate line; updated per Amelia email 10/25/22",C,EV,True
1/25/2025,Downloaded,Per Apocalypse,Adios MAPS,Sheila,2025,G996121 (WR),9835,DEI Grant Support,DOI - DEI Grants Support,iaa,OSC 14,9/1/2025," $24,590.02 ",,OPRE,"Per Breakdown from Amelia email 4/21/20, with 4% Fee per year on separate line, changed for 9/23 per amelia email 1/28/22",C,EV,True
1/25/2025,Downloaded,Per Apocalypse,Adios MAPS,Sheila,2025,G996121 (WR),9846,DEI Grant Support,DOI - DEI Grants Support,iaa,OSC 16,9/1/2025," $47,513.01 ",,OPRE,"Per Breakdown from Amelia email 4/21/20, with 4% Feeper year on separate line; updated per Amelia email 10/25/22; updated per Liz email 4/24/23",C,EV,True
1/25/2025,Downloaded,Per Apocalypse,Adios MAPS,Sheila,2025,G996121 (WR),9848,DEI Grant Support,DOI - DEI Grants Support,iaa,OSC 17,9/1/2025," $24,338.76 ",,OPRE,"Per Breakdown from Amelia email 4/21/20, with 4% Feeper year on separate line; updated per Amelia email 10/25/22",C,EV,True
1/25/2025,Downloaded,Per Apocalypse,Adios MAPS,Sheila,2025,G996121 (WR),9840,DEI Grant Support,DOI - DEI Grants Support,iaa,OSC 6,1/30/2025," $54,325.59 ",,OPRE,"Per Breakdown from Amelia email 4/21/20, with 4% Feeper year on separate line; updated per Amelia email 10/25/22",C,EV,False
1/25/2025,Downloaded,Per Apocalypse,Adios MAPS,Sheila,2025,G99BR23 (DiaperBk R&D - 5 YR),11910,Diaper Distribution Demonstration & Research Pilot,DOI - Diaper Distro Demonstration & Research Pilot,iaa,OSC 4.2 - $0 in contract,9/1/2025," $307,720.00 ",,OPRE,per contract spreadsheet 11/01/22; updated per Lisa email 2/21/23; Per Erin email 10/9/24,C,EV,True
1/25/2025,Downloaded,Per Apocalypse,Adios MAPS,Sheila,2025,G99BR23 (DiaperBk R&D - 5 YR),14412,Diaper Distribution Demonstration & Research Pilot,DOI - Diaper Distro Demonstration & Research Pilot,iaa,OSC 4.2 Inc LOE - $0 in contract,9/1/2025," $61,544.00 ",,OPRE,,C,EV,True
1/25/2025,Downloaded,Per Apocalypse,Adios MAPS,Sheila,2025,G99BR23 (DiaperBk R&D - 5 YR),11911,Diaper Distribution Demonstration & Research Pilot,DOI - Diaper Distro Demonstration & Research Pilot,iaa,OSC 4.3 - $0 in contract,9/1/2025," $149,483.00 ",,OPRE,per contract spreadsheet 11/01/22; updated per Lisa email 2/21/23; Per Erin email 10/9/24,C,EV,True
1/25/2025,Downloaded,Per Apocalypse,Adios MAPS,Sheila,2025,G99BR23 (DiaperBk R&D - 5 YR),14413,Diaper Distribution Demonstration & Research Pilot,DOI - Diaper Distro Demonstration & Research Pilot,iaa,OSC 4.3 Inc LOE - $0 in contract,9/1/2025," $29,897.00 ",,OPRE,,C,EV,True
1/25/2025,Downloaded,Per Apocalypse,Adios MAPS,Sheila,2025,G99HRF2 (OPRE-HMRF),14709,Division Of Family Strengthening Research Support Contract (DFS RSC),Learning Engagement And Dissemination of Evaluation and Research (LEADER) for the Division of Family Strengthening,contract,"Labor, Healthy Marriage and Responsible Fatherhood (HMRF)",9/25/2025," $36,764.18 ",,OPRE,,C,EV,
3/12/2025,Downloaded,Per Apocalypse,MAPS Clean Up,Nancy,2025,G99MVC5 (MHV-25),14704,Division Of Family Strengthening Research Support Contract (DFS RSC),Learning Engagement And Dissemination of Evaluation and Research (LEADER) for the Division of Family Strengthening,contract,"Labor, Maternal, Infant, and Early Childhood Home Visiting (MIECHV) Program G99MVC5 (R&E)",2/15/2025," $359,926.14 ",,COM,Per Nancy Margie 12/17/24,C,EV,
3/12/2025,Downloaded,Per Apocalypse,MAPS Clean Up,Nancy,2025,G99MWB5 (MHV-25),14703,Division Of Family Strengthening Research Support Contract (DFS RSC),Learning Engagement And Dissemination of Evaluation and Research (LEADER) for the Division of Family Strengthening,contract,"Labor, Maternal, Infant, and Early Childhood Home Visiting (MIECHV) Program G99MWB5 (Workforce)",2/15/2025," $49,304.00 ",,COM,Per Nancy Margie 12/17/24,C,EV,
1/25/2025,Downloaded,Per Apocalypse,Adios MAPS,Sheila,2025,G99SS25 (PREP),14708,Division Of Family Strengthening Research Support Contract (DFS RSC),Learning Engagement And Dissemination of Evaluation and Research (LEADER) for the Division of Family Strengthening,contract,Labor: Adolescent Pregnancy Prevention (APP),9/30/2025," $47,964.01 ",,OPRE,,C,EV,
3/12/2025,Downloaded,Per Apocalypse,MAPS Clean Up,Nancy,2025,G99MVC5 (MHV-25),14707,Division Of Family Strengthening Research Support Contract (DFS RSC),Learning Engagement And Dissemination of Evaluation and Research (LEADER) for the Division of Family Strengthening,contract,MIECHV: GSA OASIS Pool 1 CAF: (0.75%),2/15/2025," $10,500.00 ",,COM,Per Nancy Margie 12/17/24,C,EV,
3/12/2025,Downloaded,Per Apocalypse,MAPS Clean Up,Nancy,2025,G99MVC5 (MHV-25),14705,Division Of Family Strengthening Research Support Contract (DFS RSC),Learning Engagement And Dissemination of Evaluation and Research (LEADER) for the Division of Family Strengthening,contract,MIECHV: Materials & Consultants,2/15/2025," $990,769.66 ",,COM,Per Nancy Margie 12/17/24,C,EV,
1/25/2025,Downloaded,Per Apocalypse,Adios MAPS,Sheila,2025,G99CC25 (CC - 5 YR),9297,ECE - Consumer Ed To Inform Parental Choice Of ECE,Consumer Education and Parental Choice in Early Care and Education (CEPC),contract,OSC 6c,9/22/2025," $111,882.80 ",3356.48,OPRE,Per final contract values,C,EV,True
1/25/2025,Downloaded,Per Apocalypse,Adios MAPS,Sheila,2025,G99CC24 (CC - 5 YR),8917,ECE Workforce Support And Retention,ECE Workforce Support and Retention: Demonstration and Evaluation of Promising Strategies,contract,OSC 2.e - Secondary Data Analysis,9/30/2025," $350,202.06 ",10506.06,OPRE,per new Contract spreadsheet submitted 1-27-20; modified per Ann R Email 3-27-20; updated per final numbers spreadsheet 9/15/20; per Ivelisse email 4/10/23; per Ann email 12/18/23,C,EV,True
1/25/2025,Downloaded,Per Apocalypse,Adios MAPS,Sheila,2025,G99HS25 (HS-5 YR),8918,ECE Workforce Support And Retention,ECE Workforce Support and Retention: Demonstration and Evaluation of Promising Strategies,contract,OSC 2.f - Secondary Data Analysis,9/30/2025," $350,202.06 ",10506.06,OPRE,per new Contract spreadsheet submitted 1-27-20; modified per Ann R Email 3-27-20; updated per final numbers spreadsheet;  Updated 8/03/2022 as per Ann R email 8/02/2022,C,EV,True
1/25/2025,Downloaded,Per Apocalypse,Adios MAPS,Sheila,2025,G99HS25 (HS-5 YR),9329,ECE Workforce Support And Retention,ECE Workforce Support and Retention: Demonstration and Evaluation of Promising Strategies,contract,OSC 5.a Original Data Collection - Large,9/30/2025," $724,191.26 ",21725.74,OPRE,per Ann email 4/12/21; moved to FY23 per Ivelisse email 7/6/21;  Updated 8/03/2022 as per Ann R email 8/02/2022,C,EV,True
1/25/2025,Downloaded,Per Apocalypse,Adios MAPS,Sheila,2025,G99WRGB (CCE),13463,ECE Workforce Support And Retention,ECE Workforce Support and Retention: Demonstration and Evaluation of Promising Strategies,contract,OSC 5.a Original Data Collection - Large,9/30/2025," $490,933.52 ",14728.01,OPRE,per Ann email 4/12/21; moved to FY23 per Ivelisse email 7/6/21;  Updated 8/03/2022 as per Ann R email 8/02/2022; per Ann email 12/18/23,C,EV,True
1/25/2025,Downloaded,Per Apocalypse,Adios MAPS,Sheila,2025,G99CC25 (CC - 5 YR),14040,ECE Workforce Support And Retention,ECE Workforce Support and Retention: Demonstration and Evaluation of Promising Strategies,contract,OSC 5.a Original Data Collection - Large,9/30/2025," $941,801.40 ",28254.04,OPRE,per Ann email 4/12/21; moved to FY23 per Ivelisse email 7/6/21; Updated 8/03/2022 as per Ann R email 8/02/2022,C,EV,True
1/25/2025,Downloaded,Per Apocalypse,Adios MAPS,Sheila,2025,G99HS25 (HS-5 YR),8729,ECE Workforce Support And Retention,ECE Workforce Support and Retention: Demonstration and Evaluation of Promising Strategies,contract,OSC 6.a Special Analysis,9/1/2025," $231,374.43 ",6941.23,OPRE,per spreadsheet from Ivelisse email - 11-20-19; modified per Ann R Email 3-27-20; updated per final numbers spreadsheet 9/15/20; Updated 8/03/2022 as per Ann R email 8/02/2022,C,EV,True
1/25/2025,Downloaded,Per Apocalypse,Adios MAPS,Sheila,2025,G99CC24 (CC - 5 YR),8605,ECE Workforce Support And Retention,ECE Workforce Support and Retention: Demonstration and Evaluation of Promising Strategies,contract,OSC 6.b Special Analysis,9/30/2025," $243,024.37 ",7290.73,OPRE,per spreadsheet from Ivelisse email - 11-20-19; modified per Ann R Email 3-27-20; Updated 8-03-2022 as per Ann R email 8-02-2022; per Ann email 12/18/23,C,EV,True
1/25/2025,Downloaded,Per Apocalypse,Adios MAPS,Sheila,2025,G99CC24 (CC - 5 YR),12824,Evaluation Of PD Systems For Infant/Toddler Teachers/Caregivers,Evaluation of PD Systems for Infant/Toddler Teachers/Caregivers,contract,Option 1A-CC,9/15/2025," $204,298.35 ",6128.95,OPRE,per Jenessa spreadsheet 6/6/23; date needed updated per Krystal email 10/17/23; updated per Krystal email 7/1/24; per Krystal email 9/4/24,C,EV,
1/25/2025,Downloaded,Per Apocalypse,Adios MAPS,Sheila,2025,G99HS23 (HS-5 YR),12823,Evaluation Of PD Systems For Infant/Toddler Teachers/Caregivers,Evaluation of PD Systems for Infant/Toddler Teachers/Caregivers,contract,Option 1A-HS,9/15/2025," $204,298.35 ",6128.95,OPRE,per Jenessa spreadsheet 6/6/23; date needed updated per Krystal email 10/17/23; updated per Krystal email 7/1/24; per Krystal email 9/4/24,C,EV,
1/25/2025,Downloaded,Per Apocalypse,Adios MAPS,Sheila,2025,G99HS23 (HS-5 YR),12825,Evaluation Of PD Systems For Infant/Toddler Teachers/Caregivers,Evaluation of PD Systems for Infant/Toddler Teachers/Caregivers,contract,Option 1B-HS,9/15/2025," $212,062.98 ",6361.89,OPRE,per Jenessa spreadsheet 6/6/23; date needed updated per Krystal email 10/17/23; updated per Krystal email 7/1/24; per Krystal email 9/4/24,C,EV,
1/25/2025,Downloaded,Per Apocalypse,Adios MAPS,Sheila,2025,G99CC25 (CC - 5 YR),12826,Evaluation Of PD Systems For Infant/Toddler Teachers/Caregivers,Evaluation of PD Systems for Infant/Toddler Teachers/Caregivers,contract,Option 2A-CC,9/1/2025," $318,724.54 ",9561.74,OPRE,per Jenessa spreadsheet 6/6/23; updated per Krystal email 7/1/24; per Krystal email 9/4/24,C,EV,
1/25/2025,Downloaded,Per Apocalypse,Adios MAPS,Sheila,2025,G99HS23 (HS-5 YR),12827,Evaluation Of PD Systems For Infant/Toddler Teachers/Caregivers,Evaluation of PD Systems for Infant/Toddler Teachers/Caregivers,contract,Option 2A-HS,9/1/2025," $318,724.53 ",9561.74,OPRE,per Jenessa spreadsheet 6/6/23; updated per Krystal email 7/1/24; per Krystal email 9/4/24,C,EV,
1/25/2025,Downloaded,Per Apocalypse,Adios MAPS,Sheila,2025,G99CC25 (CC - 5 YR),12828,Evaluation Of PD Systems For Infant/Toddler Teachers/Caregivers,Evaluation of PD Systems for Infant/Toddler Teachers/Caregivers,contract,Option 2B-CC,9/1/2025," $114,454.81 ",3433.64,OPRE,per Jenessa spreadsheet 6/6/23; updated per Krystal email 7/1/24; per Krystal email 9/4/24,C,EV,
1/25/2025,Downloaded,Per Apocalypse,Adios MAPS,Sheila,2025,G99HS23 (HS-5 YR),12829,Evaluation Of PD Systems For Infant/Toddler Teachers/Caregivers,Evaluation of PD Systems for Infant/Toddler Teachers/Caregivers,contract,Option 2B-HS,9/1/2025," $114,454.82 ",3433.64,OPRE,per Jenessa spreadsheet 6/6/23; updated per Krystal email 7/1/24; per Krystal email 9/4/24,C,EV,
1/25/2025,Downloaded,Per Apocalypse,Adios MAPS,Sheila,2025,G99CC25 (CC - 5 YR),12830,Evaluation Of PD Systems For Infant/Toddler Teachers/Caregivers,Evaluation of PD Systems for Infant/Toddler Teachers/Caregivers,contract,Option 2C-CC,9/1/2025," $530,267.95 ",15908.04,OPRE,per Jenessa spreadsheet 6/6/23; updated per Krystal email 7/1/24; per Krystal email 9/4/24,C,EV,
1/25/2025,Downloaded,Per Apocalypse,Adios MAPS,Sheila,2025,G99HS23 (HS-5 YR),12831,Evaluation Of PD Systems For Infant/Toddler Teachers/Caregivers,Evaluation of PD Systems for Infant/Toddler Teachers/Caregivers,contract,Option 2C-HS,9/1/2025," $530,267.94 ",15908.04,OPRE,per Jenessa spreadsheet 6/6/23; updated per Krystal email 7/1/24; per Krystal email 9/4/24,C,EV,
1/25/2025,Downloaded,Per Apocalypse,Adios MAPS,Sheila,2025,G99CC25 (CC - 5 YR),12832,Evaluation Of PD Systems For Infant/Toddler Teachers/Caregivers,Evaluation of PD Systems for Infant/Toddler Teachers/Caregivers,contract,Option 2D-CC,9/1/2025," $1,543,449.34 ",46303.48,OPRE,per Jenessa spreadsheet 6/6/23; updated per Krystal email 7/1/24; per Krystal email 9/4/24,C,EV,
1/25/2025,Downloaded,Per Apocalypse,Adios MAPS,Sheila,2025,G99HS23 (HS-5 YR),12833,Evaluation Of PD Systems For Infant/Toddler Teachers/Caregivers,Evaluation of PD Systems for Infant/Toddler Teachers/Caregivers,contract,Option 2D-HS,9/1/2025," $1,543,449.35 ",46303.48,OPRE,per Jenessa spreadsheet 6/6/23; updated per Krystal email 7/1/24; per Krystal email 9/4/24,C,EV,True
1/25/2025,Downloaded,Per Apocalypse,Adios MAPS,Sheila,2025,G99RD25 (R&D-5 YR),14572,Evidence Capacity Support,Evidence Capacity Support 2.0,contract,Base Year Core Services,8/15/2025," $575,000.00 ",17250,OPRE,per new award spreadsheet 10/29/24,N,EV,False
1/25/2025,Downloaded,Per Apocalypse,Adios MAPS,Sheila,2025,G996121 (WR),13281,FSSDD Continuation Awards,Family Self-Sufficiency Demonstration Development Continuation Grants,grants,Year 2 - Grant 1 of 6,9/30/2025," $110,000.00 ",,OPRE,"Per Siri email 10/13/23; Per Emily email 10/13/2023, update awards to $200K each.; update per Emily Ross 8/13/2024",C,EV,
1/25/2025,Downloaded,Per Apocalypse,Adios MAPS,Sheila,2025,G996121 (WR),14091,FSSDD Continuation Awards,Family Self-Sufficiency Demonstration Development Continuation Grants,grants,Year 2 - Grant 2 of 6,9/30/2025," $197,390.38 ",,OPRE,"Per Siri email 10/13/23; Per Emily email 10/13/2023, update awards to $200K each.; update per Emily Ross 8/13/2024",C,EV,
1/25/2025,Downloaded,Per Apocalypse,Adios MAPS,Sheila,2025,G996121 (WR),13289,FSSDD Continuation Awards,Family Self-Sufficiency Demonstration Development Continuation Grants,grants,Year 2 - Grant 3 of 6,9/30/2025," $136,159.00 ",,OPRE,"Per Siri email 10/13/23; Per Emily email 10/13/2023, update awards to $200K each.; update per Emily Ross 8/13/2024",C,EV,
1/25/2025,Downloaded,Per Apocalypse,Adios MAPS,Sheila,2025,G996121 (WR),13290,FSSDD Continuation Awards,Family Self-Sufficiency Demonstration Development Continuation Grants,grants,Year 2 - Grant 4 of 6,9/30/2025," $177,147.00 ",,OPRE,"Per Siri email 10/13/23; Per Emily email 10/13/2023, update awards to $200K each.; update per Emily Ross 8/13/2024",C,EV,
1/25/2025,Downloaded,Per Apocalypse,Adios MAPS,Sheila,2025,G996121 (WR),13291,FSSDD Continuation Awards,Family Self-Sufficiency Demonstration Development Continuation Grants,grants,Year 2 - Grant 5 of 6,9/30/2025," $193,228.00 ",,OPRE,"Per Siri email 10/13/23; Per Emily email 10/13/2023, update awards to $200K each.",C,EV,
1/25/2025,Downloaded,Per Apocalypse,Adios MAPS,Sheila,2025,G996121 (WR),13292,FSSDD Continuation Awards,Family Self-Sufficiency Demonstration Development Continuation Grants,grants,Year 2 - Grant 6 of 6,9/30/2025," $200,000.00 ",,OPRE,"Per Siri email 10/13/23; Per Emily email 10/13/2023, update awards to $200K each.; update per Emily Ross 8/13/2024",C,EV,
1/25/2025,Downloaded,Per Apocalypse,Adios MAPS,Sheila,2025,G996121 (WR),14404,Family Self-Sufficiency Demonstration Developments,Family Self-Sufficiency Demonstration Development Grants Evaluation Support,contract,OSC 6 LOE Inc,3/31/2025," $150,000.00 ",4500,OPRE,,C,EV,
1/25/2025,Downloaded,Per Apocalypse,Adios MAPS,Sheila,2025,G996121 (WR),14120,Family Self-Sufficiency Learning-Engagement-Research Knowledge Sharing Support (LEARN),Family Self-Sufficiency Learning-Engagement-Research Knowledge Sharing Support (LEARN),contract,OSC 13 - Option 12 - LABOR,9/30/2025," $20,239.62 ",607.19,OPRE,per spreadsheet 11/28/22; Updated per Amelia email 11/1/23; per Amelia email 7/16/24; per Amelia spreadsheet 8/13/24,C,EV,
1/25/2025,Downloaded,Per Apocalypse,Adios MAPS,Sheila,2025,G996121 (WR),14121,Family Self-Sufficiency Learning-Engagement-Research Knowledge Sharing Support (LEARN),Family Self-Sufficiency Learning-Engagement-Research Knowledge Sharing Support (LEARN),contract,OSC 13 - Option 12 - TRAVEL/MATERIALS,9/30/2025," $1,045.66 ",31.37,OPRE,per spreadsheet 11/28/22; Updated per Amelia email 11/1/23; per Amelia email 7/16/24; per Amelia spreadsheet 8/13/24,C,EV,
1/25/2025,Downloaded,Per Apocalypse,Adios MAPS,Sheila,2025,G99HRF2 (OPRE-HMRF),14583,HM-RF Continued Supt - Build Grantees' Data Capacity And CQI,Continued Support of nFORM - Data Capacity and CQI in HMRF Programs,contract,SC 1,5/1/2025," $3,150,066.00 ",94501.98,OPRE,per new contract spreadsheet 11/13/24,N,EV,False
1/25/2025,Downloaded,Per Apocalypse,Adios MAPS,Sheila,2025,G99HRF2 (OPRE-HMRF),14553,HMRF - Identifying Core Components In HMRE Programs,DOI - HMRE Core Components,iaa,OSC 2,8/1/2025," $51,900.00 ",,OPRE,per final contract award,C,EV,True
1/25/2025,Downloaded,Per Apocalypse,Adios MAPS,Sheila,2025,G99HS25 (HS-5 YR),13349,HS - Study Of Head Start Transitions,Furthering HS2K,contract,Option 1 - National Descriptive Study,9/1/2025," $2,399,663.00 ",71989.89,OPRE,per spreadsheet 12/21/22; per Kathleen email 1/29/23; Updated per Kathleen email 10/24/23; per Kathleen email 8/30/24; Updated per Nina 12/5/24,C,EV,
1/25/2025,Downloaded,Per Apocalypse,Adios MAPS,Sheila,2025,G99HS25 (HS-5 YR),7976,HS - Study Of Head Start Transitions,Understanding Children's Transitions from Head Start to Kindergarten (HS2K),contract,OSC 4D,9/30/2025," $79,905.86 ",2397.18,OPRE,per Amy 9/6/19,C,EV,True
1/25/2025,Downloaded,Per Apocalypse,Adios MAPS,Sheila,2025,G99HS25 (HS-5 YR),14643,HS Convrsn. Of Enrollment Slots From HS To EHS,Conversion of Enrollment Slots from Head Start to Early Head Start,contract,TBD,9/30/2025," $442,340.00 ",13270.2,OPRE,,C,EV,True
1/25/2025,Downloaded,Per Apocalypse,Adios MAPS,Sheila,2025,G99HS25 (HS-5 YR),14184,HS Mental Health Supports,Understanding Mental and Behavioral Health in Head Start,contract,OSC 1 1012 (travel),9/1/2025," $2,118.64 ",,OPRE,per spreadsheet 12/21/22; per Laura 6/26/23; per Laura 11/13/23; per Laura email 2/23/24; per Laura email 9/11/24; per Laura email 9/25/24,C,EV,
1/25/2025,Downloaded,Per Apocalypse,Adios MAPS,Sheila,2025,G99HS25 (HS-5 YR),14186,HS Mental Health Supports,Understanding Mental and Behavioral Health in Head Start,contract,OSC 1 1013 (OLM),9/1/2025," $21,699.87 ",,OPRE,per spreadsheet 12/21/22; per Laura 6/26/23; per Laura 11/13/23; per Laura email 2/23/24; per Laura email 9/11/24; per Laura email 9/25/24,C,EV,
1/25/2025,Downloaded,Per Apocalypse,Adios MAPS,Sheila,2025,G99HS25 (HS-5 YR),14183,HS Mental Health Supports,Understanding Mental and Behavioral Health in Head Start,contract,OSC1 1011 (labor),9/1/2025," $1,140,471.18 ",,OPRE,per spreadsheet 12/21/22; per Laura 6/26/23; per Laura 11/13/23; per Laura email 2/23/24; per Laura email 9/11/24; per Laura email 9/25/24,C,EV,
1/25/2025,Downloaded,Per Apocalypse,Adios MAPS,Sheila,2025,G99HS25 (HS-5 YR),11781,HS Scholars,FY24 HS Scholars,grants,Grant 1 of 2 year 2 - FY25,9/29/2025," $37,500.00 ",,OPRE,Per Tamarie Willis 7/26/24; per Nina email 12/5/24,C,EV,False
1/25/2025,Downloaded,Per Apocalypse,Adios MAPS,Sheila,2025,G99HS25 (HS-5 YR),11782,HS Scholars,FY24 HS Scholars,grants,Grant 2 of 2 year 2 - FY25,9/29/2025," $37,500.00 ",,OPRE,Per Tamarie Willis 7/26/24; per Nina email 12/5/24,C,EV,False
1/25/2025,Downloaded,Per Apocalypse,Adios MAPS,Sheila,2025,G99HS24 (HS-5 YR),12503,HS Workforce Compensation And Financial Supports,HS Workforce Compensation and Financial Supports,contract,OSC 1a,1/15/2025," $267,202.37 ",,OBL,per spreadsheet 3/22/23; per Paula email 1/9/24; per Paula email 2/22/24; per Paula email 6/5/24; per Paula email 12/9/24,C,EV,False
1/25/2025,Downloaded,Per Apocalypse,Adios MAPS,Sheila,2025,G99HS25 (HS-5 YR),12208,HS-EHS-CC Research Support Contract,NIH - Technical Support for ECE Research,iaa,OSC 1d - $0 in contract,6/30/2025," $670,938.00 ",,OPRE,per final award,C,EV,False
1/25/2025,Downloaded,Per Apocalypse,Adios MAPS,Sheila,2025,G99CC25 (CC - 5 YR),12210,HS-EHS-CC Research Support Contract,NIH - Technical Support for ECE Research,iaa,OSC 2f - $0 in contract,6/30/2025," $84,392.00 ",,OPRE,per final award,C,EV,False
1/25/2025,Downloaded,Per Apocalypse,Adios MAPS,Sheila,2025,G99CC25 (CC - 5 YR),12211,HS-EHS-CC Research Support Contract,NIH - Technical Support for ECE Research,iaa,OSC 2g - $0 in contract,6/30/2025," $84,392.00 ",,OPRE,per final award,C,EV,False
1/25/2025,Downloaded,Per Apocalypse,Adios MAPS,Sheila,2025,G99CC25 (CC - 5 YR),12212,HS-EHS-CC Research Support Contract,NIH - Technical Support for ECE Research,iaa,OSC 2h - $0 in contract,6/30/2025," $84,392.00 ",,OPRE,per final award,C,EV,False
1/25/2025,Downloaded,Per Apocalypse,Adios MAPS,Sheila,2025,G994150 (CA-Disc),12018,HS-EHS-CC Research Support Contract,NIH - Technical Support for ECE Research,iaa,OSC 3a - $0 in contract,6/30/2025," $207,915.00 ",,OPRE,per final award,C,EV,True
1/25/2025,Downloaded,Per Apocalypse,Adios MAPS,Sheila,2025,G994150 (CA-Disc),12213,HS-EHS-CC Research Support Contract,NIH - Technical Support for ECE Research,iaa,OSC 3c - $0 in contract,6/30/2025," $98,785.00 ",,OPRE,per final award,C,EV,False
1/25/2025,Downloaded,Per Apocalypse,Adios MAPS,Sheila,2025,G998011 (CWT),12019,HS-EHS-CC Research Support Contract,NIH - Technical Support for ECE Research,iaa,OSC 3d - $0 in contract,6/30/2025," $81,424.00 ",,OPRE,per final award,C,EV,True
1/25/2025,Downloaded,Per Apocalypse,Adios MAPS,Sheila,2025,G994150 (CA-Disc),12201,HS-EHS-CC Research Support Contract,NIH - Technical Support for ECE Research,iaa,OSC 3e - $0 in contract,6/30/2025," $75,530.00 ",,OPRE,per final award,C,EV,True
1/25/2025,Downloaded,Per Apocalypse,Adios MAPS,Sheila,2025,G99HS24 (HS-5 YR),12202,HS-EHS-CC Research Support Contract,NIH - Technical Support for ECE Research,iaa,OSC 4a - $0 in contract,6/30/2025," $55,255.00 ",,OPRE,per final award,C,EV,True
1/25/2025,Downloaded,Per Apocalypse,Adios MAPS,Sheila,2025,G99HS25 (HS-5 YR),12214,HS-EHS-CC Research Support Contract,NIH - Technical Support for ECE Research,iaa,OSC 4b - $0 in contract,6/30/2025," $55,998.00 ",,OPRE,per final award,C,EV,True
1/25/2025,Downloaded,Per Apocalypse,Adios MAPS,Sheila,2025,G99HS25 (HS-5 YR),10304,HSUP: Workforce Well-Being,HSUP: Workforce Well-Being - FY21,grants,Year 5 - Grant 2,9/28/2025," $360,320.00 ",,OPRE,,C,EV,False
1/25/2025,Downloaded,Per Apocalypse,Adios MAPS,Sheila,2025,G99HS25 (HS-5 YR),10305,HSUP: Workforce Well-Being,HSUP: Workforce Well-Being - FY21,grants,Year 5 - Grant 3,9/28/2025," $370,190.00 ",,OPRE,,C,EV,False
1/25/2025,Downloaded,Per Apocalypse,Adios MAPS,Sheila,2025,G99HS25 (HS-5 YR),10306,HSUP: Workforce Well-Being,HSUP: Workforce Well-Being - FY21,grants,Year 5 - Grant 5,9/28/2025," $276,393.00 ",,OPRE,,C,EV,False
3/12/2025,Downloaded,Per Apocalypse,MAPS Clean Up,Nancy,2025,G99MVB5 (MHV-25),14600,HV - Home Visiting Evidence Of Effectiveness (HomVEE),HomVEE 5,contract,BASE,6/30/2025," $101,230.00 ",3036.9,OPRE,,N,EV,False
3/12/2025,Downloaded,Per Apocalypse,MAPS Clean Up,Nancy,2025,G99MVC5 (MHV-25),14599,HV - Home Visiting Evidence Of Effectiveness (HomVEE),HomVEE 5,contract,BASE,6/30/2025," $1,414,321.00 ",42429.63,OPRE,,N,EV,False
3/12/2025,Downloaded,Per Apocalypse,MAPS Clean Up,Nancy,2025,G99MVM5 (MHV-25),14601,HV - Home Visiting Evidence Of Effectiveness (HomVEE),HomVEE 5,contract,BASE,6/30/2025," $20,246.00 ",607.38,OPRE,,N,EV,False
1/25/2025,Downloaded,Per Apocalypse,Amount Obligated,Tyson,2025,G99HS24 (HS-5 YR),11966,Head Start In State Sys & Braided Funding Models,DOI - Financing ECE: HS in State and Local Systems,iaa,OSC 5b - $0 in contract,2/1/2025," $712,718.84 ",,OBL,per final award; per Paula email 5/2/23; per Paula email 6/5/24; per Paula email 12/9/24,C,EV,True
1/25/2025,Downloaded,Per Apocalypse,Adios MAPS,Sheila,2025,G99HS25 (HS-5 YR),11967,Head Start In State Sys & Braided Funding Models,DOI - Financing ECE: HS in State and Local Systems,iaa,OSC 6a - $0 in contract,8/15/2025," $88,656.01 ",,OPRE,per final award; per Paula email 12/9/24,C,EV,True
1/25/2025,Downloaded,Per Apocalypse,Adios MAPS,Sheila,2025,G99HS25 (HS-5 YR),11969,Head Start In State Sys & Braided Funding Models,DOI - Financing ECE: HS in State and Local Systems,iaa,OSC 6c - $0 in contract,8/15/2025," $104,434.10 ",,OPRE,per final award; per Paula email 12/9/24,C,EV,True
1/25/2025,Downloaded,Per Apocalypse,Adios MAPS,Sheila,2025,G99HS25 (HS-5 YR),11970,Head Start In State Sys & Braided Funding Models,DOI - Financing ECE: HS in State and Local Systems,iaa,OSC 6d - $0 in contract,8/15/2025," $88,852.26 ",,OPRE,per final award; per Paula email 12/9/24,C,EV,True
1/25/2025,Downloaded,Per Apocalypse,Adios MAPS,Sheila,2025,G996121 (WR),8859,Human Services For Native American Communities,Human Srvces for Native American Communities Book,do,DEI Contribution,2/15/2025," $5,167.00 ",,OPRE,Per Aleta/Mark email 3/4/20; reduced per Aleta email 3/15/21; moved to FY22 per Aleta email 9/8/21; changed date needed per Aleta email 8/26/22; changed to 2024 per Nancy M. email 8/22/23.; Pushed out per Aleta 9/4/24,C,EV,True
1/25/2025,Downloaded,Per Apocalypse,Adios MAPS,Sheila,2025,G99HS24 (HS-5 YR),8860,Human Services For Native American Communities,Human Srvces for Native American Communities Book,do,HS Contribution,2/15/2025," $5,000.00 ",,OPRE,Per Aleta/Amy/Bruce email 3/4/20; reduced per Aleta email 3/15/21; moved to FY22 per Aleta email 9/8/21; changed date needed per Aleta email 8/26/22; changed to 2024 per Nancy M. email 8/22/23.; Pushed out per Aleta 9/4/24,C,EV,True
1/25/2025,Downloaded,Per Apocalypse,Adios MAPS,Sheila,2025,,8862,Human Services For Native American Communities,Human Srvces for Native American Communities Book,do,HV Contribution,2/15/2025," $5,000.00 ",,OPRE,Per Aleta/Nancy/Maria email 3/4/20; reduced per Aleta email 3/15/21; moved to FY22 per Aleta email 9/8/21; changed date needed per Aleta email 8/26/22; changed to 2024 per Nancy M. email 8/22/23; changed to 2024 per Nancy M. email 8/22/23.,C,EV,True
1/25/2025,Downloaded,Per Apocalypse,Adios MAPS,Sheila,2025,G99RD25 (R&D-5 YR),9410,Interagency Forum On Child And Family Statistics (NCHD),NCHS Children's Forum - FY21-FY25,iaa,FY25 Contribution,9/30/2025," $35,000.00 ",,OPRE,Per Bethanne email 12/8/20,C,AR,
2/19/2025,Budget Team,Shared cost spreadsheet,Actual FY25 Library amounts,Omkar,2025,G996121 (WR),14493,Library Agreement,Shared - HHS Info and Ed Services Activities,iaa,FY25 Agreement,9/30/2025," $14,651.08 ",,OPRE,,N,EV,
2/19/2025,Budget Team,Shared cost spreadsheet,Actual FY25 Library amounts,Omkar,2025,G99WRGB (CCE),14490,Library Agreement,Shared - HHS Info and Ed Services Activities,iaa,FY25 Agreement,9/30/2025," $17,041.36 ",,OPRE,,N,EV,
2/19/2025,Budget Team,Shared cost spreadsheet,Actual FY25 Library amounts,Omkar,2025,G99HRF2 (OPRE-HMRF),14494,Library Agreement,Shared - HHS Info and Ed Services Activities,iaa,FY25 Agreement,9/30/2025," $6,370.03 ",,OPRE,,N,EV,
2/19/2025,Budget Team,Shared cost spreadsheet,Actual FY25 Library amounts,Omkar,2025,G994426 (HS-annual),14495,Library Agreement,Shared - HHS Info and Ed Services Activities,iaa,FY25 Agreement,9/30/2025," $10,185.99 ",,OPRE,,N,EV,
2/19/2025,Budget Team,Shared cost spreadsheet,Actual FY25 Library amounts,Omkar,2025,G99PHS9 (R&D-annual),14492,Library Agreement,Shared - HHS Info and Ed Services Activities,iaa,FY25 Agreement,9/30/2025," $3,822.03 ",,OPRE,,N,EV,
2/19/2025,Budget Team,Shared cost spreadsheet,Actual FY25 Library amounts,Omkar,2025,G99WRGB (CCE),14491,Library Agreement,Shared - HHS Info and Ed Services Activities,iaa,FY25 Agreement,9/30/2025," $8,596.51 ",,OPRE,,N,EV,
1/25/2025,Downloaded,Per Apocalypse,Adios MAPS,Sheila,2025,G99HS25 (HS-5 YR),3350,MSHS STUDY,MSHS STUDY,contract,OSC3.1,9/30/2025," $81,117.00 ",2433.51,OPRE,,C,EV,True
1/25/2025,Downloaded,Per Apocalypse,Adios MAPS,Sheila,2025,G99HS25 (HS-5 YR),3955,MSHS STUDY,MSHS STUDY,contract,OSC3.2,9/30/2025," $82,050.00 ",2461.5,OPRE,,C,EV,True
1/25/2025,Downloaded,Per Apocalypse,Adios MAPS,Sheila,2025,G99HS25 (HS-5 YR),3351,MSHS STUDY,MSHS STUDY,contract,OSC4.1,9/30/2025," $161,060.00 ",4831.8,OPRE,,C,EV,True
1/25/2025,Downloaded,Per Apocalypse,Adios MAPS,Sheila,2025,G99HS25 (HS-5 YR),3996,MSHS STUDY,MSHS STUDY,contract,OSC4.2,9/30/2025," $165,512.00 ",4965.36,OPRE,,C,EV,True
1/25/2025,Downloaded,Per Apocalypse,Adios MAPS,Sheila,2025,G99HS25 (HS-5 YR),3995,MSHS STUDY,MSHS STUDY,contract,OSC5.1,9/30/2025," $100,485.00 ",3014.55,OPRE,,C,EV,True
1/25/2025,Downloaded,Per Apocalypse,Adios MAPS,Sheila,2025,G99HS25 (HS-5 YR),3994,MSHS STUDY,MSHS STUDY,contract,OSC5.2,9/30/2025," $101,027.00 ",3030.81,OPRE,,C,EV,True
1/25/2025,Downloaded,Per Apocalypse,Adios MAPS,Sheila,2025,G996121 (WR),13810,NDNH Data Match,BEES (Evidence Building in TANF),iaa,BEES agreement,1/1/2025," $41,000.00 ",,OPRE,per Nicole email 4/3/24; per Nicole email 10/10/24,C,EV,
1/25/2025,Downloaded,Per Apocalypse,Adios MAPS,Sheila,2025,G996121 (WR),13815,NDNH Data Match,HPOG,iaa,FY25 Agreement,1/1/2025," $41,000.00 ",,OPRE,per Nicole email 4/3/24; per Nicole email 10/10/24,N,EV,
1/25/2025,Downloaded,Per Apocalypse,Adios MAPS,Sheila,2025,G996121 (WR),13816,NDNH Data Match,HPOG 2.0,iaa,FY25 Agreement,1/1/2025," $41,000.00 ",,OPRE,per Nicole email 4/3/24; per Nicole email 10/10/24,N,EV,
1/25/2025,Downloaded,Per Apocalypse,Adios MAPS,Sheila,2025,G996121 (WR),13817,NDNH Data Match,Long Term Outcomes  Demonstration (LTO),iaa,LTO Data Match,12/1/2024," $41,000.00 ",,OPRE,"Added 3/16/23, Annual Data Match; per Nicole email 10/10/24",C,EV,
1/25/2025,Downloaded,Per Apocalypse,Adios MAPS,Sheila,2025,G996121 (WR),13818,NDNH Data Match,Next Generation of Enhanced Employment Strategies,iaa,FY25 Agreement,1/1/2025," $41,000.00 ",,OPRE,per Nicole email 4/3/24; per Nicole email 10/10/24,N,EV,
1/25/2025,Downloaded,Per Apocalypse,Adios MAPS,Sheila,2025,G996121 (WR),13820,NDNH Data Match,PACE,iaa,FY25 Agreement,1/1/2025," $41,000.00 ",,OPRE,per Nicole email 4/3/24; per Nicole email 10/10/24,N,EV,
1/25/2025,Downloaded,Per Apocalypse,Adios MAPS,Sheila,2025,G996121 (WR),12124,NDNH Data Match,TANF Coaching (ECT),iaa,FY25  - TANF Coaching,1/1/2025," $41,000.00 ",,OPRE,per Elizabeth K email 11/22/22; per Nicole email 10/10/24,N,EV,
1/25/2025,Downloaded,Per Apocalypse,Adios MAPS,Sheila,2025,G99CR25 (OPRE CW Res),13734,NSCAW,State and National Survey of Child and Adolescent Well-being,contract,OSC 3,9/12/2025," $6,000,000.00 ",,OPRE,per new contract spreadsheet 2/8/24,C,EV,
2/3/2025,Ivelisse,email,revised IGCE,,2025,G99CC24 (CC - 5 YR),13475,Nat'l Survey Of Early Care And Education (NSECE),Support for Analyses of NSECE Data 2025,contract,SC 1 - BASE,5/1/2025," $8,497,025.87 ",,OPRE,per Ivelise new IGCE,N,EV,True
1/25/2025,Downloaded,Per Apocalypse,Adios MAPS,Sheila,2025,G99CC25 (CC - 5 YR),8688,Nat'l Survey Of Early Care And Education (NSECE),Support for Analytic Capacity of NSECE Data,contract,OSC 4,9/30/2025," $66,914.56 ",2007.44,OPRE,per spreadsheet received 1/24/20; per final contract numbers,C,EV,True
1/25/2025,Downloaded,Per Apocalypse,Adios MAPS,Sheila,2025,G99CC25 (CC - 5 YR),11622,National ECE Workforce Center,National ECE Workforce Center,grants,CC Year 3,12/1/2024," $1,000,000.00 ",,OPRE,,C,AR,
1/25/2025,Downloaded,Per Apocalypse,Adios MAPS,Sheila,2025,G99HS24 (HS-5 YR),11621,National ECE Workforce Center,National ECE Workforce Center,grants,HS Year 3,12/1/2024," $1,000,000.00 ",,OPRE,Modified to HS24 - per the email form Nina - 12-16-24,C,AR,
1/25/2025,Downloaded,Per Apocalypse,Adios MAPS,Sheila,2025,G99RD24 (R&D-5 YR),14639,Next Steps For Tribal TANF Research And Data,Next Steps for Tribal TANF Research and Data,contract,OSC 3 - SSRD,9/30/2025," $236,635.52 ",,OPRE,per Girley email 9/20/23,C,EV,
1/25/2025,Downloaded,Per Apocalypse,Adios MAPS,Sheila,2025,G996121 (WR),12141,Next Steps For Tribal TANF Research And Data,Next Steps for Tribal TANF Research and Data,contract,OSC 3 - WR,9/30/2025," $666,594.04 ",,OPRE,per Girley email 9/20/23,C,EV,
1/25/2025,Downloaded,Per Apocalypse,Adios MAPS,Sheila,2025,G996121 (WR),11919,NextGen 2.0,DOI - NextGen 2.0,contract,OSC 3,11/15/2024," $6,850,196.05 ",,OBL,per base award document 10/6/23; per Marie email 10/9/24,C,EV,
2/19/2025,Downloaded,Per Apocalypse,Updated Shared Cost Amounts,Tyson,2025,G996121 (WR),14557,OPRE,COE ARM support,iaa,FY25 Agreement,3/1/2025," $50,799.52 ",,OPRE, Shared cost spreadsheet 1/29/25,N,EV,True
2/19/2025,Downloaded,Per Apocalypse,Updated Shared Cost Amounts,Tyson,2025,G99WRGB (CCE),14556,OPRE,COE ARM support,iaa,FY25 Agreement,3/1/2025," $264,784.75 ",,OPRE, Shared cost spreadsheet 1/29/25,N,EV,True
2/19/2025,Downloaded,Per Apocalypse,Updated Shared Cost Amounts,Tyson,2025,G994426 (HS Annual),14558,OPRE,COE ARM support,iaa,FY25 Agreement,3/1/2025," $82,676.41 ",,OPRE, Shared cost spreadsheet 1/29/25,N,EV,True
3/12/2025,Downloaded,Per Apocalypse,MAPS Clean Up,Nancy,2025, G99MVC5 (MHV-25),14555,OPRE,COE ARM support,iaa,FY25 Agreement,3/1/2025," $2,928.70 ",,OPRE, Shared cost spreadsheet 1/29/25,N,EV,True
3/12/2025,Downloaded,Per Apocalypse,MAPS Clean Up,Nancy,2025,G99PB12 (MHV - Admin),14559,OPRE,COE ARM support,iaa,FY25 Agreement,3/1/2025," $3,196.62 ",,OPRE, Shared cost spreadsheet 1/29/25,N,EV,True
1/25/2025,Downloaded,Per Apocalypse,Adios MAPS,Sheila,2025,G990197 (MHV-OAS),13688,OPRE,DDI - Data Analysis IPA - Ben Berris,iaa,Need support for Data Analysis,2/1/2025," $423,954.00 ",,OBL,"COVERS 2 YEARS - Per Bethanne s spreadsheet/email - 1-9-24; Updated per Bethanne email 6-26-24; In UFMS - ACF333322 req has incorrect title desc of Daniella Lowenberg ,  but budget line has correct name - Benjamin Berres  nrs - 9/3/2024; New Req# ACF337674 create to change vendor.",C,EV,
1/25/2025,Downloaded,Per Apocalypse,Adios MAPS,Sheila,2025,G99RD24 (R&D-5 YR),13687,OPRE,DDI - Data Governance IPA - Daniella Lowenberg,iaa,Data Governance Support,2/1/2025," $444,230.00 ",,OBL,Need to get support on Data Governance Initiative - per Bethanne email and spreadsheet 1-9-24; Updated per Bethanne email 6-26-24; replacement for IPIPA24ACF328695,C,EV,
1/25/2025,Downloaded,Per Apocalypse,Adios MAPS,Sheila,2025,G99CC25 (CC - 5 YR),14579,OPRE,FRN FY25,do,CC FRN est,9/30/2025," $3,000.00 ",,OPRE,,C,EV,
1/25/2025,Downloaded,Per Apocalypse,Adios MAPS,Sheila,2025,G995445 (OPRE - FRN),14576,OPRE,FRN FY25,do,Generic FRN est,9/30/2025," $3,000.00 ",,OPRE,,C,EV,
1/25/2025,Downloaded,Per Apocalypse,Adios MAPS,Sheila,2025,G99HRF2 (OPRE-HMRF),14578,OPRE,FRN FY25,do,HMRF FRN est,9/30/2025," $3,000.00 ",,OPRE,,C,EV,
1/25/2025,Downloaded,Per Apocalypse,Adios MAPS,Sheila,2025,G99HS25 (HS-5 YR),14580,OPRE,FRN FY25,do,HS FRN est,9/30/2025," $3,000.00 ",,OPRE,,C,EV,
3/12/2025,Downloaded,Per Apocalypse,MAPS Clean Up,Nancy,2025,G99PB12 (MHV - Admin),14582,OPRE,FRN FY25,do,HV FRN est,9/30/2025," $3,000.00 ",,OPRE,,C,EV,
1/25/2025,Downloaded,Per Apocalypse,Adios MAPS,Sheila,2025,G99RD25 (R&D-5 YR),14581,OPRE,FRN FY25,do,SSRD FRN est,9/30/2025," $3,000.00 ",,OPRE,,C,EV,
1/25/2025,Downloaded,Per Apocalypse,Adios MAPS,Sheila,2025,G996121 (WR),14577,OPRE,FRN FY25,do,WR FRN est,9/30/2025," $3,000.00 ",,OPRE,,C,EV,
1/25/2025,Downloaded,Per Apocalypse,Adios MAPS,Sheila,2025,G99HRF2 (OPRE-HMRF),14756,OPRE,FY25 Program Funded Travel & Training,do,HMRF -,11/30/2024," $1,429.37 ",,OBL,,C,EV,
1/25/2025,Downloaded,Per Apocalypse,Adios MAPS,Sheila,2025,G99HRF2 (OPRE-HMRF),14631,OPRE,FY25 Program Funded Travel & Training,do,HMRF - Travel & Training,11/30/2024,"$1,021.05 ",,OBL,Jesse Coe,C,EV,
1/25/2025,Downloaded,Per Apocalypse,Adios MAPS,Sheila,2025,G996121 (WR),14751,OPRE,FY25 Program Funded Travel & Training,do,WR - Travel & Training,12/20/2024," $1,449.27 ",,OBL,Emily Ross,C,EV,
1/25/2025,Downloaded,Per Apocalypse,Adios MAPS,Sheila,2025,G996121 (WR),14747,OPRE,FY25 Program Funded Travel & Training,do,WR - Travel & Training,12/14/2024," $1,272.45 ",,OBL,Kim Clum,C,EV,
1/25/2025,Downloaded,Per Apocalypse,Adios MAPS,Sheila,2025,G996121 (WR),14752,OPRE,FY25 Program Funded Travel & Training,do,WR - Travel & Training,12/9/2024," $1,760.79 ",,OBL,Liza Rodler,C,EV,
1/25/2025,Downloaded,Per Apocalypse,Adios MAPS,Sheila,2025,G996121 (WR),14750,OPRE,FY25 Program Funded Travel & Training,do,WR - Travel & Training,12/23/2024," $1,682.60 ",,OBL,Mary Moore,C,EV,
1/25/2025,Downloaded,Per Apocalypse,Adios MAPS,Sheila,2025,G996121 (WR),14551,OPRE,FY25 Program Funded Travel & Training,do,WR - Travel & Training,12/9/2024," $2,291.67 ",,OBL,Megan Reid,C,EV,
1/25/2025,Downloaded,Per Apocalypse,Adios MAPS,Sheila,2025,G996121 (WR),14753,OPRE,FY25 Program Funded Travel & Training,do,WR - Travel & Training,12/14/2024," $1,247.92 ",,OBL,Megan Reid,C,EV,
1/25/2025,Downloaded,Per Apocalypse,Adios MAPS,Sheila,2025,G996121 (WR),14748,OPRE,FY25 Program Funded Travel & Training,do,WR - Travel & Training,12/14/2024," $1,602.16 ",,OBL,Megan Reid,C,EV,
1/25/2025,Downloaded,Per Apocalypse,Adios MAPS,Sheila,2025,G996121 (WR),14749,OPRE,FY25 Program Funded Travel & Training,do,WR - Travel & Training,12/14/2024," $1,335.65 ",,OBL,Megha Patel,C,EV,
1/25/2025,Downloaded,Per Apocalypse,Adios MAPS,Sheila,2025,G996121 (WR),14746,OPRE,FY25 Program Funded Travel & Training,do,WR - Travel & Training,12/1/2024," $40,000.00 ",,OPRE,,C,EV,
1/25/2025,Downloaded,Per Apocalypse,Adios MAPS,Sheila,2025,G996121 (WR),14759,OPRE,FY25 Program Funded Travel & Training,do,WR - Travel & Training,1/23/2025," $1,849.56 ",,OBL,,C,EV,
1/25/2025,Downloaded,Per Apocalypse,Adios MAPS,Sheila,2025,G99CC25 (CC - 5 YR),14545,OPRE,GCS - Branch Expenses,do,CC - GCS Branch Expense,9/30/2025," $858,220.00 ",,OPRE,Shared cost spreadsheet 10/15/24,C,EV,
1/25/2025,Downloaded,Per Apocalypse,Adios MAPS,Sheila,2025,G99HRF2 (OPRE-HMRF),14548,OPRE,GCS - Branch Expenses,do,HMRF - GCS Branch Expense,9/30/2025," $320,540.00 ",,OPRE,Shared cost spreadsheet 10/15/24,C,EV,
3/12/2025,Downloaded,Per Apocalypse,MAPS Clean Up,Nancy,2025,G990197 (MHV-OAS),14549,OPRE,GCS - Branch Expenses,do,HV - GCS Branch Expense,9/30/2025," $150,000.00 ",,OPRE,Shared cost spreadsheet 10/15/24,C,EV,
1/25/2025,Downloaded,Per Apocalypse,Adios MAPS,Sheila,2025,G996121 (WR),14547,OPRE,GCS - Branch Expenses,do,WR - GCS Branch Expense,9/30/2025," $738,135.00 ",,OPRE,Shared cost spreadsheet 10/15/24,C,EV,
1/25/2025,Downloaded,Per Apocalypse,Adios MAPS,Sheila,2025,G99RD24 (R&D-5 YR),14758,OPRE,Interest Payments,do,DL-2024-03-INT1,1/23/2025, $18.13 ,,OBL,Daniella Lowenberg,C,EV,
1/25/2025,Downloaded,Per Apocalypse,Adios MAPS,Sheila,2025,G996121 (WR),14755,OPRE,Interest Payments,do,INV0000477567-INT1,9/30/2025, $1.84 ,,OBL,Shared - Methodological Advancement (2021-2023),C,EV,
1/25/2025,Downloaded,Per Apocalypse,Adios MAPS,Sheila,2025,G99HRF2 (OPRE-HMRF),14391,OPRE,Interest Payments,do,INV0000477567-INT1,9/30/2025, $0.69 ,,OBL,Shared - Methodological Advancement (2021-2023),C,EV,
1/25/2025,Downloaded,Per Apocalypse,Adios MAPS,Sheila,2025,G99HS23 (HS-5 YR),14754,OPRE,Interest Payments,do,INV0000477567-INT1,9/30/2025, $1.20 ,,OBL,Shared - Methodological Advancement (2021-2023),C,EV,
1/25/2025,Downloaded,Per Apocalypse,Adios MAPS,Sheila,2025,G99RD23 (R&D-5 YR),14744,OPRE,Interest Payments,do,INV0000477567-INT1,9/30/2025, $0.51 ,,OBL,Shared - Methodological Advancement (2021-2023),C,EV,
1/25/2025,Downloaded,Per Apocalypse,Adios MAPS,Sheila,2025,G99CC25 (CC - 5 YR),13440,OPRE,MS Enterprise Agreement FY22-FY27 - THVRS - OPS,contract,FY25 - Azure for OPS - CC,6/30/2025," $11,236.00 ",,OPRE,MS Enterprize Agreement - year 4; updated per shared cost spreadsheet 10/24/24,C,EV,True
1/25/2025,Downloaded,Per Apocalypse,Adios MAPS,Sheila,2025,G99WRGB (CCE),13443,OPRE,MS Enterprise Agreement FY22-FY27 - THVRS - OPS,contract,FY25 - Azure for OPS - CCE,6/30/2025," $5,668.00 ",,OPRE,MS Enterprize Agreement - year 4; updated per shared cost spreadsheet 10/24/24,C,EV,
1/25/2025,Downloaded,Per Apocalypse,Adios MAPS,Sheila,2025,G99HRF2 (OPRE-HMRF),13446,OPRE,MS Enterprise Agreement FY22-FY27 - THVRS - OPS,contract,FY25 - Azure for OPS - HM/RF,6/30/2025," $4,200.00 ",,OPRE,MS Enterprize Agreement - year 4; updated per shared cost spreadsheet 10/24/24,C,EV,
1/25/2025,Downloaded,Per Apocalypse,Adios MAPS,Sheila,2025,G99HS25 (HS-5 YR),13437,OPRE,MS Enterprise Agreement FY22-FY27 - THVRS - OPS,contract,FY25 - Azure for OPS - HS,6/30/2025," $6,716.00 ",,OPRE,MS Enterprize Agreement - year 4; updated per shared cost spreadsheet 10/24/24,C,EV,
1/25/2025,Downloaded,Per Apocalypse,Adios MAPS,Sheila,2025,G99RD25 (R&D-5 YR),13431,OPRE,MS Enterprise Agreement FY22-FY27 - THVRS - OPS,contract,FY25 - Azure for OPS - SSRD,6/30/2025," $2,520.00 ",,OPRE,MS Enterprize Agreement - year 4; updated per shared cost spreadsheet 10/24/24,C,EV,
1/25/2025,Downloaded,Per Apocalypse,Adios MAPS,Sheila,2025,G996121 (WR),13434,OPRE,MS Enterprise Agreement FY22-FY27 - THVRS - OPS,contract,FY25 - Azure for OPS - WR,6/30/2025," $9,660.00 ",,OPRE,MS Enterprize Agreement - year 4; updated per shared cost spreadsheet 10/24/24,C,EV,
1/25/2025,Downloaded,Per Apocalypse,Adios MAPS,Sheila,2025,G99RD24 (R&D-5 YR),14595,ORRBITS/AWARE,AWARE 2 - Databricks,contract,OPRE Contribution,1/1/2025," $55,000.00 ",1650,COM,,C,EV,
1/25/2025,Downloaded,Per Apocalypse,Adios MAPS,Sheila,2025,G99TD25 (Traff Dom - 5 YR),13923,OTIP-Building Evidence For Trafficking Interventions And Response (BETIR),OTIP-Building Evidence for Trafficking Interventions and Response (BETIR),contract,Option 5,9/15/2025," $273,538.00 ",8206.14,OPRE,"per spreadsheet 2/15/23; updated per Mary email 3/28/23, Per Mary M email, final award 9-21 TE",C,EV,True
1/25/2025,Downloaded,Per Apocalypse,Adios MAPS,Sheila,2025,G99SS23 (PREP),10644,PREP,DOI - PREP - Local Eval Support & Dissem (PLES-D),iaa,OSC 4 - SS23 - $ in contract,6/1/2025," $174,168.00 ",,OPRE,per award,C,EV,True
1/25/2025,Downloaded,Per Apocalypse,Adios MAPS,Sheila,2025,G99SS25 (PREP),11040,PREP,NIH - PREP PLUS,iaa,OSC 2 - $0 in contract,10/1/2024," $874,887.00 ",,OPRE,per contract spreadsheet 1/21/22,C,EV,False
1/25/2025,Downloaded,Per Apocalypse,Adios MAPS,Sheila,2025,G996121 (WR),11943,Pathways To Work Evidence Clearinghouse,DOI - Pathways to Work Evidence Clearinghouse 2.0,iaa,OSC 3 - $0 in contract,6/30/2025," $2,780,405.42 ",,OPRE,per contract spreadsheet 11/01/22; updated per Amelia email 2/9/23; updated per Amelia email 8/24/23,C,EV,False
1/25/2025,Downloaded,Per Apocalypse,Adios MAPS,Sheila,2025,G994103 (IV-E),6292,Prevention Services Clearinghouse,Establish and Maintain a Clearinghouse of Family First Prevention Services,contract,OSC4,9/6/2025," $987,654.00 ",29629.62,OPRE,Per spreadsheet  from Chris F 4/24/18; updated per Laura N. email 9/14; updated per Chris email 1/6/21; moved to out year per Chris email 9/9/21,C,EV,True
1/25/2025,Downloaded,Per Apocalypse,Adios MAPS,Sheila,2025,G996121 (WR),14561,Project SUPPORTT - Supporting Pilot Program Outcomes,Project SUPPORTT - Phase 2,contract,SC 1,9/30/2025," $1,395,131.00 ",41853.93,OPRE,per new contract spreadsheet 10/28/24,N,EV,False
1/25/2025,Downloaded,Per Apocalypse,Adios MAPS,Sheila,2025,G996121 (WR),14405,Project SUPPORTT - Supporting Pilot Program Outcomes,Project SUPPORTT - Supporting Pilot Program Outcomes Research and Technical Assistance in TANF,contract,OSC 3 - Labor (CPFF),9/30/2025," $478,979.99 ",14369.4,OPRE,per Lauren email 10/7/24,C,EV,
1/25/2025,Downloaded,Per Apocalypse,Adios MAPS,Sheila,2025,G996121 (WR),14406,Project SUPPORTT - Supporting Pilot Program Outcomes,Project SUPPORTT - Supporting Pilot Program Outcomes Research and Technical Assistance in TANF,contract,OSC 3 - ODC,9/30/2025," $6,640.03 ",199.2,OPRE,per Lauren email 10/7/24,C,EV,
3/12/2025,Downloaded,Per Apocalypse,MAPS Clean Up,Nancy,2025,G99MWB5 (MHV-25),14616,Reflective Supervision Measurement Research Awards,Reflective Supervision Measurement Research Awards,grants,Year 1 - Grant 1 of 5,9/30/2025," $100,000.00 ",,OPRE,Per Maria 3/3/2025 - Replaced Supporting and Strengthening the Home Visit Workforce,N,EV,
3/12/2025,Downloaded,Per Apocalypse,MAPS Clean Up,Nancy,2025,G99MWB5 (MHV-25),14617,Reflective Supervision Measurement Research Awards,Reflective Supervision Measurement Research Awards,grants,Year 1 - Grant 2 of 5,9/30/2025," $100,000.00 ",,OPRE,Per Maria 3/3/2025 - Replaced Supporting and Strengthening the Home Visit Workforce,N,EV,
3/12/2025,Downloaded,Per Apocalypse,MAPS Clean Up,Nancy,2025,G99MWB5 (MHV-25),14618,Reflective Supervision Measurement Research Awards,Reflective Supervision Measurement Research Awards,grants,Year 1 - Grant 3 of 5,9/30/2025," $100,000.00 ",,OPRE,Per Maria 3/3/2025 - Replaced Supporting and Strengthening the Home Visit Workforce,N,EV,
3/12/2025,Downloaded,Per Apocalypse,MAPS Clean Up,Nancy,2025,G99MWB5 (MHV-25),14619,Reflective Supervision Measurement Research Awards,Reflective Supervision Measurement Research Awards,grants,Year 1 - Grant 4 of 5,9/30/2025," $100,000.00 ",,OPRE,Per Maria 3/3/2025 - Replaced Supporting and Strengthening the Home Visit Workforce,N,EV,
3/12/2025,Downloaded,Per Apocalypse,MAPS Clean Up,Nancy,2025,G99MWB5 (MHV-25),14620,Reflective Supervision Measurement Research Awards,Reflective Supervision Measurement Research Awards,grants,Year 1 - Grant 5 of 5,9/30/2025," $100,000.00 ",,OPRE,Per Maria 3/3/2025 - Replaced Supporting and Strengthening the Home Visit Workforce,N,EV,
1/25/2025,Downloaded,Per Apocalypse,Adios MAPS,Sheila,2025,G996490 (Recovery Coaches),11023,Replicable Recovery And Reunification Intervention,NIH - (R3-Impact),iaa,OSC3 - $0 in contract,1/1/2025," $214,330.44 ",,OPRE,per final award,C,EV,False
1/25/2025,Downloaded,Per Apocalypse,Adios MAPS,Sheila,2025,G996490 (Recovery Coaches),11024,Replicable Recovery And Reunification Intervention,NIH - (R3-Impact),iaa,OSC4 - $0 in contract,1/1/2025," $126,524.82 ",,OPRE,per final award,C,EV,False
1/25/2025,Downloaded,Per Apocalypse,Adios MAPS,Sheila,2025,G996490 (Recovery Coaches),11025,Replicable Recovery And Reunification Intervention,NIH - (R3-Impact),iaa,OSC5 - $0 in contract,1/1/2025," $105,972.58 ",,OPRE,per final award,C,EV,False
1/25/2025,Downloaded,Per Apocalypse,Adios MAPS,Sheila,2025,G99HS24 (HS-5 YR),14331,Research And Eval Conference On Self-Suff (RECS),OPRE Research Conferences and Technical Support,contract,Option 3a - CAF,10/31/2024," $4,669.52 ",,OBL,per new contract spreadsheet 1/12/24; per Liz email 5/14/24; per Liz email 10/16/24,C,EV,
1/25/2025,Downloaded,Per Apocalypse,Adios MAPS,Sheila,2025,G99HS24 (HS-5 YR),14328,Research And Eval Conference On Self-Suff (RECS),OPRE Research Conferences and Technical Support,contract,Option 3a - Labor,10/31/2024," $358,653.62 ",,OBL,per new contract spreadsheet 1/12/24; per Liz email 5/14/24; per Liz email 10/16/24,C,EV,
1/25/2025,Downloaded,Per Apocalypse,Adios MAPS,Sheila,2025,G99HS24 (HS-5 YR),14329,Research And Eval Conference On Self-Suff (RECS),OPRE Research Conferences and Technical Support,contract,Option 3a - ODCs,10/31/2024," $173,733.60 ",,OBL,per new contract spreadsheet 1/12/24; per Liz email 5/14/24; per Liz email 10/16/24,C,EV,
1/25/2025,Downloaded,Per Apocalypse,Adios MAPS,Sheila,2025,G99HS24 (HS-5 YR),14330,Research And Eval Conference On Self-Suff (RECS),OPRE Research Conferences and Technical Support,contract,Option 3a - Travel,10/31/2024," $90,215.30 ",,OBL,per new contract spreadsheet 1/12/24; per Liz email 5/14/24; per Liz email 10/16/24,C,EV,
1/25/2025,Downloaded,Per Apocalypse,Adios MAPS,Sheila,2025,G99HS23 (HS-5 YR),14341,Research And Eval Conference On Self-Suff (RECS),OPRE Research Conferences and Technical Support,contract,Option 5 - HS - CAF,12/15/2024, $469.39 ,,OBL,per new contract spreadsheet 1/12/24; per Liz email 5/14/24; Liz email 9/24/24; per Nina email 11/13/24,C,EV,
1/25/2025,Downloaded,Per Apocalypse,Adios MAPS,Sheila,2025,G99HS23 (HS-5 YR),13877,Research And Eval Conference On Self-Suff (RECS),OPRE Research Conferences and Technical Support,contract,Option 5 - HS - labor,12/15/2024," $62,585.21 ",,OBL,per new contract spreadsheet 1/12/24; per Liz email 5/14/24; Liz email 9/24/24; per Nina email 11/12/24,C,EV,
1/25/2025,Downloaded,Per Apocalypse,Adios MAPS,Sheila,2025,G996121 (WR),14342,Research And Eval Conference On Self-Suff (RECS),OPRE Research Conferences and Technical Support,contract,Option 5 - WR - CAF,12/15/2024, $469.39 ,,OBL,per new contract spreadsheet 1/12/24; per Liz email 5/14/24; Liz email 9/24/24,C,EV,
1/25/2025,Downloaded,Per Apocalypse,Adios MAPS,Sheila,2025,G996121 (WR),14067,Research And Eval Conference On Self-Suff (RECS),OPRE Research Conferences and Technical Support,contract,Option 5 - WR - labor,12/15/2024," $62,585.21 ",,OBL,per new contract spreadsheet 1/12/24; per Liz email 5/14/24; Liz email 9/24/24,C,EV,
1/25/2025,Downloaded,Per Apocalypse,Adios MAPS,Sheila,2025,G99RH22 (RHY),13330,Runaway & Homeless Youth Learning Agenda Support,Runaway & Homeless Youth Learning Agenda Support (RHY LAS),contract,OSC 2,10/27/2024," $757,837.00 ",22735.11,OPRE,per Caryn Blitz email 10/20/23; Updated per Caryn email 12/11/23; per Caryn email 12/14/23,C,EV,
1/25/2025,Downloaded,Per Apocalypse,Adios MAPS,Sheila,2025,G99RH22 (RHY),13341,Runaway & Homeless Youth Learning Agenda Support,Runaway & Homeless Youth Learning Agenda Support (RHY LAS),contract,OSC 5a,10/27/2024," $38,563.00 ",1156.89,OPRE,per Caryn Blitz email 10/20/23; Updated per Caryn email 12/11/23; per Caryn email 12/14/23,C,EV,
1/25/2025,Downloaded,Per Apocalypse,Adios MAPS,Sheila,2025,G99RH22 (RHY),13344,Runaway & Homeless Youth Learning Agenda Support,Runaway & Homeless Youth Learning Agenda Support (RHY LAS),contract,OSC 6a,10/27/2024," $55,234.00 ",1657.02,OPRE,per Caryn Blitz email 10/20/23; Updated per Caryn email 12/11/23; per Caryn email 12/14/23,C,EV,True
1/25/2025,Downloaded,Per Apocalypse,Adios MAPS,Sheila,2025,G99RD25 (R&D-5 YR),14597,SSBG Data Analysis And Support,2025 SSBG Data Analysis and Support,contract,SSBG Portal Administration & Support,8/28/2025," $321,200.00 ",9636,OPRE,,C,EV,
1/25/2025,Downloaded,Per Apocalypse,Adios MAPS,Sheila,2025,G99RD25 (R&D-5 YR),14598,SSBG Data Analysis And Support,2025 SSBG Data Analysis and Support,contract,SSBG Portal improvements,8/28/2025," $250,000.00 ",7500,OPRE,,C,EV,
1/25/2025,Downloaded,Per Apocalypse,Adios MAPS,Sheila,2025,G99HS23 (HS-5 YR),12563,Society For Prevention Research (NIDA IDDA - SPR),SPR,grants,"IDDA to SPR, for a grant",4/1/2025," $25,000.00 ",,OPRE,,C,EV,True
1/25/2025,Downloaded,Per Apocalypse,Adios MAPS,Sheila,2025,G99CD22 (OPRE CA Disc Resrch),11335,State Child Abuse And Neglect (SCAN) Policies Data,DOI - SCAN Policies Database - Sole Source,iaa,OSC 4 - $0 in contract,6/1/2025," $495,918.40 ",,OPRE,per contract spreadsheet 5/9/22; updated per Chris F email 8/16/22,C,EV,False
1/25/2025,Downloaded,Per Apocalypse,Adios MAPS,Sheila,2025,G99CC24 (CC - 5 YR),9993,Supply-Building Strategies For Subsidized Families,NIH - Evaluation of Supply-Building Strategies,iaa,OSC 3a - $0 in contract,12/1/2024," $696,252.00 ",,OPRE,per Meryl spreadsheet 7/13/21; Amount change to match contract per Amanda email dtd 11/9/2022; updated per Dianna email 3/21/23; per Ivelisse email 4/11/23; Updated per Ivelisse email 10/20/23,C,EV,True
1/25/2025,Downloaded,Per Apocalypse,Adios MAPS,Sheila,2025,G99CC24 (CC - 5 YR),12041,Supply-Building Strategies For Subsidized Families,NIH - Evaluation of Supply-Building Strategies,iaa,OSC 3b - $0 in contract,12/1/2024," $654,879.00 ",,OPRE,per Meryl spreadsheet 7/13/21; Amount change per Amanda email dtd 11/9/2022; Updated per Ivelisse email 10/20/23,C,EV,True
1/25/2025,Downloaded,Per Apocalypse,Adios MAPS,Sheila,2025,G99CC24 (CC - 5 YR),9998,Supply-Building Strategies For Subsidized Families,NIH - Evaluation of Supply-Building Strategies,iaa,OSC 5b - $0 in contract,3/1/2025," $239,388.00 ",,OPRE,per Meryl spreadsheet 7/13/21; Amount change to match contract per Amanda email dtd 11/9/2022; Updated per Ivelisse email 10/20/23,C,EV,True
1/25/2025,Downloaded,Per Apocalypse,Adios MAPS,Sheila,2025,G99CC24 (CC - 5 YR),9997,Supply-Building Strategies For Subsidized Families,NIH - Evaluation of Supply-Building Strategies,iaa,OSC 5c - $0 in contract; Updated per Ivelisse email 10/20/23,3/1/2025," $244,233.00 ",,OPRE,per Meryl spreadsheet 7/13/21; Updated per Ivelisse email 10/20/23,C,EV,True
1/25/2025,Downloaded,Per Apocalypse,Adios MAPS,Sheila,2025,G996121 (WR),13275,TANF Data Collaborative 2.0,TANF Data Collaborative 2.0 (TDC 2.0),contract,OSC 2 - Key,9/30/2025," $1,480,392.81 ",,OPRE,"Per Nicole/new contract spreadsheet 1/14/22; updated per spreadsheet 3/13/23, Per Siri M email, final award 9-21 TE; per Siri email 4/25/24",C,EV,
1/25/2025,Downloaded,Per Apocalypse,Adios MAPS,Sheila,2025,G996121 (WR),9634,TANF Policies Database,State TANF Policies: Welfare Rules Database 2021,contract,OSC 5,9/20/2025," $607,353.26 ",,OPRE,Per Gabrielle/Hilary spreadsheet 1/28/21,C,EV,
1/25/2025,Downloaded,Per Apocalypse,Adios MAPS,Sheila,2025,G99CC25 (CC - 5 YR),14646,TRIM Micro Simulation Support,TRIM Micro Simulation Support,iaa,IAA,8/1/2025," $75,000.00 ",,OPRE,Per Amanda Email 12/5/24,C,EV,True
1/25/2025,Downloaded,Per Apocalypse,Adios MAPS,Sheila,2025,G996121 (WR),13566,TRIM Micro Simulation Support,TRIM Micro Simulation Support,iaa,IAA,8/1/2025," $125,000.00 ",,OPRE,Per Hilary Bruck Email 1/4/24,C,EV,
1/25/2025,Downloaded,Per Apocalypse,Adios MAPS,Sheila,2025,G99HRF2 (OPRE-HMRF),10819,Testing Identified Elements For Success In Fatherhood Programs (Fatherhood TIES).,NIH - Fatherhood TIES,contract,"OSC 2.3 - HM/RF ($4,302,117)",1/1/2025," $4,302,117.00 ",,OBL,"per spreadsheet 1/4/22, $ in IAA updated per email from Rebecca H 7-22-22",C,EV,False
1/25/2025,Downloaded,Per Apocalypse,Adios MAPS,Sheila,2025,G99RD22 (R&D-5 YR),14633,Testing Identified Elements For Success In Fatherhood Programs (Fatherhood TIES).,NIH - Fatherhood TIES,contract,OSC 2.3 - RD22,1/1/2025," $30,000.00 ",,OBL,"per spreadsheet 1/4/22, $ in IAA updated per email from Rebecca H 7-22-22",C,EV,False
1/25/2025,Downloaded,Per Apocalypse,Adios MAPS,Sheila,2025,G99WRGB (CCE),14690,Tribal Child Care Data And Research Capacity Building,Tribal Child Care Data and Research Capacity Building,grants,Year 1,9/30/2025," $2,700,000.00 ",,OPRE,per DCFD FY25 planning document,N,EV,
1/25/2025,Downloaded,Per Apocalypse,Adios MAPS,Sheila,2025,G99HS23 (HS-5 YR),14422,Tribal Early Childhood And Family Economic Well-Being Research Center (TRC),Tribal Early Childhood and Family Economic Well-Being Research Center (TRC),grants,Year 1 - Grant 1 of 4,9/30/2025," $250,000.00 ",,OPRE,,N,?,
3/12/2025,Downloaded,Per Apocalypse,MAPS Clean Up,Nancy,2025,G99MVC5 (MHV-25),14423,Tribal Early Childhood And Family Economic Well-Being Research Center (TRC),Tribal Early Childhood and Family Economic Well-Being Research Center (TRC),grants,Year 1 - Grant 2 of 4,9/30/2025," $250,000.00 ",,OPRE,,N,?,
1/25/2025,Downloaded,Per Apocalypse,Adios MAPS,Sheila,2025,G99WRGB (CCE),14424,Tribal Early Childhood And Family Economic Well-Being Research Center (TRC),Tribal Early Childhood and Family Economic Well-Being Research Center (TRC),grants,Year 1 - Grant 3 of 4,9/30/2025," $250,000.00 ",,OPRE,,N,?,
1/25/2025,Downloaded,Per Apocalypse,Adios MAPS,Sheila,2025,G99CC23 (CC - 5 YR),12059,Variations Implementn Of Qual Interventions (VIQI),NIH - VIQI,iaa,OSC 5 - $0 in contract,1/15/2025," $240,320.00 ",,OPRE,per final award; updated per Ivelisse email 3/29/23; per Ivelisse email 8/2/23; per Ivelisse email 2/15/24,C,EV,True
1/25/2025,Downloaded,Per Apocalypse,Adios MAPS,Sheila,2025,G99CC25 (CC - 5 YR),13579,Website Support,Shared - Website Support - 2024,contract,OSC 2 - CC,9/30/2025," $154,495.00 ",,OPRE,per shared cost allocation 10/24/24,C,EV,
1/25/2025,Downloaded,Per Apocalypse,Adios MAPS,Sheila,2025,G99WRGB (CCE),13580,Website Support,Shared - Website Support - 2024,contract,OSC 2 - CCE,9/30/2025," $77,935.00 ",,OPRE,per shared cost allocation 10/24/24,C,EV,
1/25/2025,Downloaded,Per Apocalypse,Adios MAPS,Sheila,2025,G99HRF2 (OPRE-HMRF),13581,Website Support,Shared - Website Support - 2024,contract,OSC 2 - HMRF,9/30/2025," $57,750.00 ",,OPRE,per shared cost allocation 10/24/24,C,EV,
1/25/2025,Downloaded,Per Apocalypse,Adios MAPS,Sheila,2025,G99HS25 (HS-5 YR),13578,Website Support,Shared - Website Support - 2024,contract,OSC 2 - HS,9/30/2025," $92,345.00 ",,OPRE,per shared cost allocation 10/24/24,C,EV,
1/25/2025,Downloaded,Per Apocalypse,Adios MAPS,Sheila,2025,G996146 (OFA-WR),14544,Website Support,Shared - Website Support - 2024,contract,OSC 2 - OFA-WR,9/30/2025," $20,000.00 ",,OPRE,per shared cost allocation 10/24/24,C,EV,
1/25/2025,Downloaded,Per Apocalypse,Adios MAPS,Sheila,2025,G99RD25 (R&D-5 YR),13576,Website Support,Shared - Website Support - 2024,contract,OSC 2 - SSRD,9/30/2025," $34,650.00 ",,OPRE,per shared cost allocation 10/24/24,C,EV,
1/25/2025,Downloaded,Per Apocalypse,Adios MAPS,Sheila,2025,G996121 (WR),13577,Website Support,Shared - Website Support - 2024,contract,OSC 2 - WR,9/30/2025," $77,935.00 ",,OPRE,per shared cost allocation 10/24/24,C,EV,
1/25/2025,Downloaded,Per Apocalypse,Adios MAPS,Sheila,2026,G99RD26 (R&D-5 YR),14063,ACF Data Capacity,ACF Data Capacity,contract,Option 1 Core GFE Estimate,9/30/2026," $350,000.00 ",,OPRE,per Bethanne 2/15/24; per Bethanne email 9/16/24,N,EV,
1/25/2025,Downloaded,Per Apocalypse,Adios MAPS,Sheila,2026,G99RD26 (R&D-5 YR),13683,ACF Data Capacity,ACF Data Capacity,contract,Option 2 Core Component,9/30/2026," $2,709,080.84 ",,OPRE,per new contract spreadsheet 1/9/24; per Nicole email 1/30/24; per Nicole email 2/14/24; per Rafael email 7/25/24; per Nicole email 10/15/24,C,EV,
1/25/2025,Downloaded,Per Apocalypse,Adios MAPS,Sheila,2026,G99RD26 (R&D-5 YR),14061,ACF Data Capacity,ACF Data Capacity,contract,Option 2 Surge Component,9/30/2026," $4,237,106.40 ",,OPRE,per new contract spreadsheet 1/9/24; per Nicole email 1/30/24; per Nicole email 2/14/24; per Rafael email 7/25/24; per Nicole email 10/15/24,C,EV,
1/25/2025,Downloaded,Per Apocalypse,Adios MAPS,Sheila,2026,G99HS26 (HS-5 YR),6368,Baby FACES,Baby Faces 2024?,contract,SC 1 - HS,9/15/2026," $2,000,000.00 ",,OPRE,per Amy M emaill - data sheets - 5-18-18; Updated per Jenessa Malin email 5/7/24; updated per Jenessa Malin 11/19/24,N,EV,
1/25/2025,Downloaded,Per Apocalypse,Adios MAPS,Sheila,2026,G99CC25 (CC - 5 YR),13648,CC - Fam CC Study- Engaging In Quality  Init +QRIS,Home-based Child Care Quality Improvement,contract,OSC 2,9/1/2026," $3,000,000.00 ",90000,OPRE,per new contract spreadsheet 1/9/24,C,EV,False
1/25/2025,Downloaded,Per Apocalypse,Adios MAPS,Sheila,2026,G99CC26 (CC - 5 YR),14719,CCPRP: Evaluating CCDF Lead Agencies’ Consumer Education Strategies,Evaluating CCDF Lead Agencies Consumer Education Strategies,grants,Year 2 - Grant 1 of 6,9/30/2026," $450,000.00 ",,OPRE,,C,EV,
1/25/2025,Downloaded,Per Apocalypse,Adios MAPS,Sheila,2026,G99CC26 (CC - 5 YR),14720,CCPRP: Evaluating CCDF Lead Agencies’ Consumer Education Strategies,Evaluating CCDF Lead Agencies Consumer Education Strategies,grants,Year 2 - Grant 2 of 6,9/30/2026," $450,000.00 ",,OPRE,,C,EV,
1/25/2025,Downloaded,Per Apocalypse,Adios MAPS,Sheila,2026,G99CC26 (CC - 5 YR),14721,CCPRP: Evaluating CCDF Lead Agencies’ Consumer Education Strategies,Evaluating CCDF Lead Agencies Consumer Education Strategies,grants,Year 2 - Grant 3 of 6,9/30/2026," $450,000.00 ",,OPRE,,C,EV,
1/25/2025,Downloaded,Per Apocalypse,Adios MAPS,Sheila,2026,G99CC26 (CC - 5 YR),14722,CCPRP: Evaluating CCDF Lead Agencies’ Consumer Education Strategies,Evaluating CCDF Lead Agencies Consumer Education Strategies,grants,Year 2 - Grant 4 of 6,9/30/2026," $450,000.00 ",,OPRE,,C,EV,
1/25/2025,Downloaded,Per Apocalypse,Adios MAPS,Sheila,2026,G99CC26 (CC - 5 YR),14723,CCPRP: Evaluating CCDF Lead Agencies’ Consumer Education Strategies,Evaluating CCDF Lead Agencies Consumer Education Strategies,grants,Year 2 - Grant 5 of 6,9/30/2026," $450,000.00 ",,OPRE,,C,EV,
1/25/2025,Downloaded,Per Apocalypse,Adios MAPS,Sheila,2026,G99CC26 (CC - 5 YR),14724,CCPRP: Evaluating CCDF Lead Agencies’ Consumer Education Strategies,Evaluating CCDF Lead Agencies Consumer Education Strategies,grants,Year 2 - Grant 6 of 6,9/30/2026," $450,000.00 ",,OPRE,,C,EV,
1/25/2025,Downloaded,Per Apocalypse,Adios MAPS,Sheila,2026,G99CC26 (CC - 5 YR),14710,Center For Advancing Evidence-Based Decision-Making In Child Care And Early Education,Center for Advancing Evidence-Based Decision-Making in CCEE,contract,Option 1,8/15/2026," $1,000,000.00 ",,OPRE,per new contract spreadsheet 12/18/24,C,EV,False
1/25/2025,Downloaded,Per Apocalypse,Adios MAPS,Sheila,2026,G99CC26 (CC - 5 YR),13481,Center For Home-based Child Care Supply Research,Center for home-based child care supply research,grants,Year 3 - Grant 1 of 1,9/30/2026," $1,000,000.00 ",,OPRE,per Ivelisse email 12/21/23; per Ivelisse email 8/22/24,C,EV,
1/25/2025,Downloaded,Per Apocalypse,Adios MAPS,Sheila,2026,G99CF26 (OPRE-CHAF RES - 5 YR),13717,Chafee Housing,Chafee Housing,contract,OSC 3,9/30/2026," $980,000.00 ",29400,OPRE,per new contract spreadsheet 1/31/24,C,EV,
1/25/2025,Downloaded,Per Apocalypse,Adios MAPS,Sheila,2026,G99CF24 (OPRE-CHAF RES - 5 YR),14591,Chafee SOTA,Chafee SOTA Follow on,contract,SC 1,9/30/2026," $400,000.00 ",,OPRE,per Kelly email 12/6/24,N,EV,True
1/25/2025,Downloaded,Per Apocalypse,Adios MAPS,Sheila,2026,G99CC26 (CC - 5 YR),11865,Child And Family Data Archive,NIH - Child And Family Data Archive,iaa,OSC 8,6/7/2026," $75,000.00 ",,OPRE,"per spreadsheet - 2/18/22; updated per Chris spreadsheet 5/4, $0 in contract",C,EV,False
1/25/2025,Downloaded,Per Apocalypse,Adios MAPS,Sheila,2026,G99HS26 (HS-5 YR),11177,Child And Family Data Archive,NIH - Child And Family Data Archive,iaa,OSC 8,6/7/2026," $75,000.00 ",,OPRE,"per spreadsheet - 2/18/22; updated per Chris spreadsheet 5/4, $0 in contract",C,EV,False
1/25/2025,Downloaded,Per Apocalypse,Adios MAPS,Sheila,2026,G99HS24 (HS-5 YR),12584,Comprehensive Services In HS/EHS,HS Connects Follow-on,contract,Option 2 - Labor,10/1/2025," $203,208.00 ",,OPRE,per Sarah email 5/4/23; per Sarah email 7/26/24; per Paula email 9/27/24,C,EV,
1/25/2025,Downloaded,Per Apocalypse,Adios MAPS,Sheila,2026,G99HS24 (HS-5 YR),14373,Comprehensive Services In HS/EHS,HS Connects Follow-on,contract,Option 2 - OLM,10/1/2025," $40,756.74 ",,OPRE,per Sarah email 5/4/23; per Sarah email 7/26/24; per Paula email 9/27/24,C,EV,
1/25/2025,Downloaded,Per Apocalypse,Adios MAPS,Sheila,2026,G99HS25 (HS-5 YR),14374,Comprehensive Services In HS/EHS,HS Connects Follow-on,contract,Option 3 - Labor,4/1/2026," $130,536.29 ",,OPRE,per Sarah email 5/4/23; per Sarah email 7/26/24; per Paula email 9/27/24,C,EV,
1/25/2025,Downloaded,Per Apocalypse,Adios MAPS,Sheila,2026,G99HS25 (HS-5 YR),14375,Comprehensive Services In HS/EHS,HS Connects Follow-on,contract,Option 3 - OLM,4/1/2026," $20,376.06 ",,OPRE,per Sarah email 5/4/23; per Sarah email 7/26/24; per Paula email 9/27/24,C,EV,
1/25/2025,Downloaded,Per Apocalypse,Adios MAPS,Sheila,2026,G99WRGB (CCE),12963,Coordinated Evaluations Of CCDF Policies,Coordinated Evaluations of CCDF Policies and Initiatives: Implementation Grants,grants,Year 4 - Grant 9 of 9,9/30/2026," $400,000.00 ",,OPRE,per Paula Daneri email 2/24/2023;Grant budget updated per email from Paula Daneri 8/1/2023.,C,EV,
1/25/2025,Downloaded,Per Apocalypse,Adios MAPS,Sheila,2026,G99HS26 (HS-5 YR),10035,Culture Of Continuous Learning (CCL) Project,DOI - CCL - FY21 Follow-on,iaa,OSC 3 - HS - $0 in contract,6/15/2026," $129,704.36 ",,OPRE,per final award,C,EV,True
1/25/2025,Downloaded,Per Apocalypse,Adios MAPS,Sheila,2026,G99CC25 (CC - 5 YR),8682,ECE - Consumer Ed To Inform Parental Choice Of ECE,Consumer Education and Parental Choice in Early Care and Education (CEPC),contract,OSC 5,12/30/2025," $1,516,168.07 ",45485.04,OPRE - CURRENT,Per Spreadsheet received 1-27-20; updated per final contract values,C,EV,True
1/25/2025,Downloaded,Per Apocalypse,Adios MAPS,Sheila,2026,G99RD26 (R&D-5 YR),14571,Evidence Capacity Support,Evidence Capacity Support 2.0,contract,OY 1 Core Services,8/15/2026," $575,000.00 ",,OPRE,per new award spreadsheet 10/29/24,C,EV,False
1/25/2025,Downloaded,Per Apocalypse,Adios MAPS,Sheila,2026,G99CC26 (CC - 5 YR),14147,FY24 Examining Access To Infant And Toddler Care And Education,FY24 Examining Access to Infant and Toddler Care and Education,grants,Year 2 - Grant 1 of 9,9/30/2026," $443,943.00 ",,OPRE,Per Ivelisse email 12/21/23; Update per Janessa email 8/22/24,C,EV,
1/25/2025,Downloaded,Per Apocalypse,Adios MAPS,Sheila,2026,G99CC26 (CC - 5 YR),13491,FY24 Examining Access To Infant And Toddler Care And Education,FY24 Examining Access to Infant and Toddler Care and Education,grants,Year 2 - Grant 2 of 9,9/30/2026," $450,000.00 ",,OPRE,Per Ivelisse email 12/21/23; Update per Janessa email 8/22/24,C,EV,
1/25/2025,Downloaded,Per Apocalypse,Adios MAPS,Sheila,2026,G99CC26 (CC - 5 YR),13492,FY24 Examining Access To Infant And Toddler Care And Education,FY24 Examining Access to Infant and Toddler Care and Education,grants,Year 2 - Grant 3 of 9,9/30/2026," $450,000.00 ",,OPRE,Per Ivelisse email 12/21/23; Update per Janessa email 8/22/24,C,EV,
1/25/2025,Downloaded,Per Apocalypse,Adios MAPS,Sheila,2026,G99CC26 (CC - 5 YR),13493,FY24 Examining Access To Infant And Toddler Care And Education,FY24 Examining Access to Infant and Toddler Care and Education,grants,Year 2 - Grant 4 of 9,9/30/2026," $337,107.00 ",,OPRE,Per Ivelisse email 12/21/23; Update per Janessa email 8/22/24,C,EV,
1/25/2025,Downloaded,Per Apocalypse,Adios MAPS,Sheila,2026,G99CC26 (CC - 5 YR),13494,FY24 Examining Access To Infant And Toddler Care And Education,FY24 Examining Access to Infant and Toddler Care and Education,grants,Year 2 - Grant 5 of 9,9/30/2026," $311,193.00 ",,OPRE,Per Ivelisse email 12/21/23; Update per Janessa email 8/22/24,C,EV,
1/25/2025,Downloaded,Per Apocalypse,Adios MAPS,Sheila,2026,G99CC26 (CC - 5 YR),13495,FY24 Examining Access To Infant And Toddler Care And Education,FY24 Examining Access to Infant and Toddler Care and Education,grants,Year 2 - Grant 6 of 9,9/30/2026," $450,000.00 ",,OPRE,Per Ivelisse email 12/21/23; Update per Janessa email 8/22/24,C,EV,
1/25/2025,Downloaded,Per Apocalypse,Adios MAPS,Sheila,2026,G99CC26 (CC - 5 YR),13496,FY24 Examining Access To Infant And Toddler Care And Education,FY24 Examining Access to Infant and Toddler Care and Education,grants,Year 2 - Grant 7 of 9,9/30/2026," $192,667.00 ",,OPRE,Per Ivelisse email 12/21/23; Update per Janessa email 8/22/24,C,EV,
1/25/2025,Downloaded,Per Apocalypse,Adios MAPS,Sheila,2026,G99CC26 (CC - 5 YR),13497,FY24 Examining Access To Infant And Toddler Care And Education,FY24 Examining Access to Infant and Toddler Care and Education,grants,Year 2 - Grant 8 of 9,9/30/2026," $382,847.00 ",,OPRE,Per Ivelisse email 12/21/23; Update per Janessa email 8/22/24,C,EV,
1/25/2025,Downloaded,Per Apocalypse,Adios MAPS,Sheila,2026,G99CC26 (CC - 5 YR),13498,FY24 Examining Access To Infant And Toddler Care And Education,FY24 Examining Access to Infant and Toddler Care and Education,grants,Year 2 - Grant 9 of 9,9/30/2026," $450,000.00 ",,OPRE,Per Ivelisse email 12/21/23; Update per Janessa email 8/22/24,C,EV,
1/25/2025,Downloaded,Per Apocalypse,Adios MAPS,Sheila,2026,G996121 (WR),14112,Family Self-Sufficiency Learning-Engagement-Research Knowledge Sharing Support (LEARN),Family Self-Sufficiency Learning-Engagement-Research Knowledge Sharing Support (LEARN),contract,OSC 10 - Option 9 - LABOR,11/15/2025," $17,368.06 ",521.04,OPRE,per spreadsheet 11/28/22; Updated per Amelia email 11/1/23; per Amelia email 7/16/24; per Amelia spreadsheet 8/13/24; per Amelia email 12/4/24,C,EV,
1/25/2025,Downloaded,Per Apocalypse,Adios MAPS,Sheila,2026,G996121 (WR),12155,Family Self-Sufficiency Learning-Engagement-Research Knowledge Sharing Support (LEARN),Family Self-Sufficiency Learning-Engagement-Research Knowledge Sharing Support (LEARN),contract,OSC 10 - Option 9 - TRAVEL/MATERIALS,11/15/2025," $23,955.60 ",718.67,OPRE,per spreadsheet 11/28/22; Updated per Amelia email 11/1/23; per Amelia email 7/16/24; per Amelia spreadsheet 8/13/24; per Amelia email 12/4/24,C,EV,
1/25/2025,Downloaded,Per Apocalypse,Adios MAPS,Sheila,2026,G996121 (WR),14132,Family Self-Sufficiency Learning-Engagement-Research Knowledge Sharing Support (LEARN),Family Self-Sufficiency Learning-Engagement-Research Knowledge Sharing Support (LEARN),contract,OSC 14 - Option 13 - LABOR,9/30/2026," $1,044.35 ",31.33,OPRE,per spreadsheet 3/8/23; Updated per Amelia email 11/1/23; per Amelia email 7/16/24; per Amelia spreadsheet 8/13/24,C,EV,
1/25/2025,Downloaded,Per Apocalypse,Adios MAPS,Sheila,2026,G996121 (WR),14131,Family Self-Sufficiency Learning-Engagement-Research Knowledge Sharing Support (LEARN),Family Self-Sufficiency Learning-Engagement-Research Knowledge Sharing Support (LEARN),contract,OSC 14 - Option 13 - LABOR,9/30/2026," $20,164.53 ",604.94,OPRE,per spreadsheet 3/8/23; Updated per Amelia email 11/1/23; per Amelia email 7/16/24; per Amelia spreadsheet 8/13/24,C,EV,
1/25/2025,Downloaded,Per Apocalypse,Adios MAPS,Sheila,2026,G996121 (WR),14122,Family Self-Sufficiency Learning-Engagement-Research Knowledge Sharing Support (LEARN),Family Self-Sufficiency Learning-Engagement-Research Knowledge Sharing Support (LEARN),contract,OSC 17 - Option 16 - LABOR,11/15/2025," $50,254.64 ",1507.64,OPRE,per spreadsheet 11/28/22; Updated per Amelia email 11/1/23; per Amelia email 7/16/24; per Amelia spreadsheet 8/13/24; per Amelia email 12/4/24,C,EV,
1/25/2025,Downloaded,Per Apocalypse,Adios MAPS,Sheila,2026,G996121 (WR),14123,Family Self-Sufficiency Learning-Engagement-Research Knowledge Sharing Support (LEARN),Family Self-Sufficiency Learning-Engagement-Research Knowledge Sharing Support (LEARN),contract,OSC 17 - Option 16 - TRAVEL/MATERIALS,11/15/2025," $3,182.05 ",95.46,OPRE,per spreadsheet 11/28/22; Updated per Amelia email 11/1/23; per Amelia email 7/16/24; per Amelia spreadsheet 8/13/24; per Amelia email 12/4/24,C,EV,
1/25/2025,Downloaded,Per Apocalypse,Adios MAPS,Sheila,2026,G996121 (WR),14133,Family Self-Sufficiency Learning-Engagement-Research Knowledge Sharing Support (LEARN),Family Self-Sufficiency Learning-Engagement-Research Knowledge Sharing Support (LEARN),contract,OSC 18 - Option 17 - LABOR,8/19/2026," $47,289.26 ",1418.68,OPRE,per spreadsheet 3/8/23; Updated per Amelia email 11/1/23; per Amelia email 7/16/24; per Amelia spreadsheet 8/13/24,C,EV,
1/25/2025,Downloaded,Per Apocalypse,Adios MAPS,Sheila,2026,G996121 (WR),14134,Family Self-Sufficiency Learning-Engagement-Research Knowledge Sharing Support (LEARN),Family Self-Sufficiency Learning-Engagement-Research Knowledge Sharing Support (LEARN),contract,OSC 18 - Option 17 - TRAVEL/MATERIALS,8/19/2026," $2,921.31 ",87.64,OPRE,per spreadsheet 3/8/23; Updated per Amelia email 11/1/23; per Amelia email 7/16/24; per Amelia spreadsheet 8/13/24,C,EV,
1/25/2025,Downloaded,Per Apocalypse,Adios MAPS,Sheila,2026,G996121 (WR),14124,Family Self-Sufficiency Learning-Engagement-Research Knowledge Sharing Support (LEARN),Family Self-Sufficiency Learning-Engagement-Research Knowledge Sharing Support (LEARN),contract,OSC 2 - Option 1 - LABOR,8/19/2026," $294,609.70 ",8838.29,OPRE,per spreadsheet 11/28/22; Updated per Amelia email 11/1/23; per Amelia email 7/16/24; per Amelia spreadsheet 8/13/24,C,EV,
1/25/2025,Downloaded,Per Apocalypse,Adios MAPS,Sheila,2026,G996121 (WR),14126,Family Self-Sufficiency Learning-Engagement-Research Knowledge Sharing Support (LEARN),Family Self-Sufficiency Learning-Engagement-Research Knowledge Sharing Support (LEARN),contract,OSC 2 - Option 1 - OLM,8/19/2026," $4,721.95 ",141.66,OPRE,per spreadsheet 11/28/22; Updated per Amelia email 11/1/23; per Amelia email 7/16/24; per Amelia spreadsheet 8/13/24,C,EV,
1/25/2025,Downloaded,Per Apocalypse,Adios MAPS,Sheila,2026,G996121 (WR),14125,Family Self-Sufficiency Learning-Engagement-Research Knowledge Sharing Support (LEARN),Family Self-Sufficiency Learning-Engagement-Research Knowledge Sharing Support (LEARN),contract,OSC 2 - Option 1 - TRAVEL/MATERIALS,8/19/2026," $19,385.84 ",581.58,OPRE,per spreadsheet 11/28/22; Updated per Amelia email 11/1/23; per Amelia email 7/16/24; per Amelia spreadsheet 8/13/24,C,EV,
1/25/2025,Downloaded,Per Apocalypse,Adios MAPS,Sheila,2026,G996121 (WR),14127,Family Self-Sufficiency Learning-Engagement-Research Knowledge Sharing Support (LEARN),Family Self-Sufficiency Learning-Engagement-Research Knowledge Sharing Support (LEARN),contract,OSC 4 - Option 3 - LABOR,8/19/2026," $258,369.61 ",7751.09,OPRE,per spreadsheet 11/28/22; Updated per Amelia email 11/1/23; per Amelia email 7/16/24; per Amelia spreadsheet 8/13/24,C,EV,
1/25/2025,Downloaded,Per Apocalypse,Adios MAPS,Sheila,2026,G996121 (WR),14128,Family Self-Sufficiency Learning-Engagement-Research Knowledge Sharing Support (LEARN),Family Self-Sufficiency Learning-Engagement-Research Knowledge Sharing Support (LEARN),contract,OSC 4 - Option 3 - TRAVEL/MATERIALS,8/19/2026," $11,025.33 ",330.76,OPRE,per spreadsheet 11/28/22; Updated per Amelia email 11/1/23; per Amelia email 7/16/24; per Amelia spreadsheet 8/13/24,C,EV,
1/25/2025,Downloaded,Per Apocalypse,Adios MAPS,Sheila,2026,G996121 (WR),14109,Family Self-Sufficiency Learning-Engagement-Research Knowledge Sharing Support (LEARN),Family Self-Sufficiency Learning-Engagement-Research Knowledge Sharing Support (LEARN),contract,OSC 6 - Option 5 - LABOR,11/15/2025," $95,012.17 ",2850.37,OPRE,per spreadsheet 11/28/22; Updated per Amelia email 11/1/23; per Amelia email 7/16/24; per Amelia spreadsheet 8/13/24; per Amelia email 12/4/24,C,EV,
1/25/2025,Downloaded,Per Apocalypse,Adios MAPS,Sheila,2026,G996121 (WR),14110,Family Self-Sufficiency Learning-Engagement-Research Knowledge Sharing Support (LEARN),Family Self-Sufficiency Learning-Engagement-Research Knowledge Sharing Support (LEARN),contract,OSC 6 - Option 5 - TRAVEL/MATERIALS,11/15/2025," $32,447.21 ",973.42,OPRE,per spreadsheet 11/28/22; Updated per Amelia email 11/1/23; per Amelia email 7/16/24; per Amelia spreadsheet 8/13/24; per Amelia email 12/4/24,C,EV,
1/25/2025,Downloaded,Per Apocalypse,Adios MAPS,Sheila,2026,G996121 (WR),14129,Family Self-Sufficiency Learning-Engagement-Research Knowledge Sharing Support (LEARN),Family Self-Sufficiency Learning-Engagement-Research Knowledge Sharing Support (LEARN),contract,OSC 7 - Option 6 - LABOR,8/19/2026," $45,933.99 ",1378.02,OPRE,per spreadsheet 3/8/23; Updated per Amelia email 11/1/23; per Amelia email 7/16/24; per Amelia spreadsheet 8/13/24,C,EV,
1/25/2025,Downloaded,Per Apocalypse,Adios MAPS,Sheila,2026,G996121 (WR),14130,Family Self-Sufficiency Learning-Engagement-Research Knowledge Sharing Support (LEARN),Family Self-Sufficiency Learning-Engagement-Research Knowledge Sharing Support (LEARN),contract,OSC 7 - Option 6 - TRAVEL/MATERIALS,8/19/2026," $42,865.81 ",1285.97,OPRE,per spreadsheet 3/8/23; Updated per Amelia email 11/1/23; per Amelia email 7/16/24; per Amelia spreadsheet 8/13/24,C,EV,
1/25/2025,Downloaded,Per Apocalypse,Adios MAPS,Sheila,2026,G99HS26 (HS-5 YR),13350,HS - Study Of Head Start Transitions,Furthering HS2K,contract,Option 2 - Special Topics,9/1/2026," $84,260.00 ",2527.8,OPRE,per spreadsheet 12/21/22; per Kathleen email 1/29/23; Updated per Kathleen email 10/24/23; per Kathleen email 8/30/24,C,EV,
1/25/2025,Downloaded,Per Apocalypse,Adios MAPS,Sheila,2026,G99HS26 (HS-5 YR),13351,HS - Study Of Head Start Transitions,Furthering HS2K,contract,Option 3 - Special Topics,9/1/2026," $88,212.00 ",2646.36,OPRE,per spreadsheet 12/21/22; per Kathleen email 1/29/23; Updated per Kathleen email 10/24/23; per Kathleen email 8/30/24,C,EV,
1/25/2025,Downloaded,Per Apocalypse,Adios MAPS,Sheila,2026,G99CC26 (CC - 5 YR),2373,HS FACES,HS FACES 2014-2018,contract,Innovations OSC,9/1/2026," $1,000,000.00 ",,OPRE,not going to be exercising this CLIN,C,EV,True
1/25/2025,Downloaded,Per Apocalypse,Adios MAPS,Sheila,2026,G99HS26 (HS-5 YR),4725,HS FACES,HS FACES 2014-2018,contract,OSC 4.3,2/28/2026," $155,588.00 ",,OPRE,per emails from Bruce & Mary M - 9-14-16,C,EV,True
1/25/2025,Downloaded,Per Apocalypse,Adios MAPS,Sheila,2026,G99HS26 (HS-5 YR),2867,HS FACES,HS FACES 2014-2018,contract,OSC 6.2,9/30/2026," $303,146.00 ",,OPRE,not going to exercise this CLIN,C,EV,True
1/25/2025,Downloaded,Per Apocalypse,Adios MAPS,Sheila,2026,G99HS26 (HS-5 YR),14187,HS Mental Health Supports,Understanding Mental and Behavioral Health in Head Start,contract,OSC 2 1021 (labor),9/1/2026," $809,057.47 ",,OPRE,per spreadsheet 12/21/22; per Laura 6/26/23; per Laura Hoard 11/13/23; per Laura Hoard 1/8/24; per Laura email 2/23/24; per Laura email 9/11/24; per Laura email 9/25/24,C,EV,
1/25/2025,Downloaded,Per Apocalypse,Adios MAPS,Sheila,2026,G99HS26 (HS-5 YR),14188,HS Mental Health Supports,Understanding Mental and Behavioral Health in Head Start,contract,OSC 2 1022 (travel),9/1/2026," $26,435.49 ",,OPRE,per spreadsheet 12/21/22; per Laura 6/26/23; per Laura Hoard 11/13/23; per Laura Hoard 1/8/24; per Laura email 2/23/24; per Laura email 9/11/24; per Laura email 9/25/24,C,EV,
1/25/2025,Downloaded,Per Apocalypse,Adios MAPS,Sheila,2026,G99HS26 (HS-5 YR),14189,HS Mental Health Supports,Understanding Mental and Behavioral Health in Head Start,contract,OSC 2 1023 (OLM),9/1/2026," $13,315.67 ",,OPRE,per spreadsheet 12/21/22; per Laura 6/26/23; per Laura Hoard 11/13/23; per Laura Hoard 1/8/24; per Laura email 2/23/24; per Laura email 9/11/24; per Laura email 9/25/24,C,EV,
1/25/2025,Downloaded,Per Apocalypse,Adios MAPS,Sheila,2026,G99HS26 (HS-5 YR),12221,HS-EHS-CC Research Support Contract,NIH - Technical Support for ECE Research,iaa,OSC 1e - $0 in contract,6/30/2026," $331,388.00 ",,OPRE,per final award,C,EV,True
1/25/2025,Downloaded,Per Apocalypse,Adios MAPS,Sheila,2026,G99HS26 (HS-5 YR),12222,HS-EHS-CC Research Support Contract,NIH - Technical Support for ECE Research,iaa,OSC 1f - $0 in contract,6/30/2026," $260,765.00 ",,OPRE,per final award,C,EV,True
1/25/2025,Downloaded,Per Apocalypse,Adios MAPS,Sheila,2026,G99HS26 (HS-5 YR),12223,HS-EHS-CC Research Support Contract,NIH - Technical Support for ECE Research,iaa,OSC 1g - $0 in contract,6/30/2026," $191,376.00 ",,OPRE,per final award,C,EV,True
1/25/2025,Downloaded,Per Apocalypse,Adios MAPS,Sheila,2026,G99CC26 (CC - 5 YR),12224,HS-EHS-CC Research Support Contract,NIH - Technical Support for ECE Research,iaa,OSC 2e - $0 in contract,6/30/2026," $858,765.00 ",,OPRE,per final award,C,EV,False
1/25/2025,Downloaded,Per Apocalypse,Adios MAPS,Sheila,2026,G99HS26 (HS-5 YR),12226,HS-EHS-CC Research Support Contract,NIH - Technical Support for ECE Research,iaa,OSC 4d - $0 in contract,6/30/2026," $48,833.00 ",,OPRE,per final award,C,EV,False
3/12/2025,Downloaded,Per Apocalypse,MAPS Clean Up,Nancy,2026,G99MVB6 (MHV-26),14602,HV - Home Visiting Evidence Of Effectiveness (HomVEE),HomVEE 5,contract,Option 1.A,9/30/2026," $1,752,375.00 ",,OPRE,,C,EV,False
3/12/2025,Downloaded,Per Apocalypse,MAPS Clean Up,Nancy,2026,G99MVC6 (MHV-26),14606,HV - Home Visiting Evidence Of Effectiveness (HomVEE),HomVEE 5,contract,Option 3.A,9/30/2026," $247,848.00 ",,OPRE,,C,EV,False
3/12/2025,Downloaded,Per Apocalypse,MAPS Clean Up,Nancy,2026,G99MVM6 (MHV-26),14607,HV - Home Visiting Evidence Of Effectiveness (HomVEE),HomVEE 5,contract,Option 3.B,9/30/2026," $483,924.00 ",,OPRE,,C,EV,False
1/25/2025,Downloaded,Per Apocalypse,Adios MAPS,Sheila,2026,G996121 (WR),13813,NDNH Data Match,BEES (Evidence Building in TANF),iaa,BEES agreement,1/1/2026," $41,000.00 ",,OPRE,per Nicole email 4/3/24; per Nicole email 10/10/24,C,EV,
1/25/2025,Downloaded,Per Apocalypse,Adios MAPS,Sheila,2026,G996121 (WR),14419,NDNH Data Match,HPOG,iaa,FY25 Agreement,1/1/2026," $41,000.00 ",,OPRE,per Nicole email 4/3/24; per Nicole email 10/10/24,N,EV,
1/25/2025,Downloaded,Per Apocalypse,Adios MAPS,Sheila,2026,G996121 (WR),14420,NDNH Data Match,HPOG 2.0,iaa,FY25 Agreement,1/1/2026," $41,000.00 ",,OPRE,per Nicole email 4/3/24; per Nicole email 10/10/24,N,EV,
1/25/2025,Downloaded,Per Apocalypse,Adios MAPS,Sheila,2026,G996121 (WR),12498,NDNH Data Match,Long Term Outcomes  Demonstration (LTO),iaa,LTO Data Match,1/1/2026," $41,000.00 ",,OPRE,per Nicole email 4/3/24; per Nicole email 10/10/24,N,EV,
1/25/2025,Downloaded,Per Apocalypse,Adios MAPS,Sheila,2026,G996121 (WR),13819,NDNH Data Match,Next Generation of Enhanced Employment Strategies,iaa,FY26 Agreement,1/1/2026," $41,000.00 ",,OPRE,per Nicole email 4/3/24; per Nicole email 10/10/24,N,EV,
1/25/2025,Downloaded,Per Apocalypse,Adios MAPS,Sheila,2026,G996121 (WR),14421,NDNH Data Match,PACE,iaa,FY25 Agreement,1/1/2026," $41,000.00 ",,OPRE,per Nicole email 4/3/24; per Nicole email 10/10/24,N,EV,
1/25/2025,Downloaded,Per Apocalypse,Adios MAPS,Sheila,2026,G996121 (WR),12125,NDNH Data Match,TANF Coaching (ECT),iaa,FY26  - TANF Coaching,1/1/2026," $41,000.00 ",,OPRE,per Elizabeth K email 11/22/22; per Nicole email 10/10/24,N,EV,
1/25/2025,Downloaded,Per Apocalypse,Adios MAPS,Sheila,2026,G99CR26 (OPRE CW Res),13733,NSCAW,State and National Survey of Child and Adolescent Well-being,contract,OSC 4,9/12/2026," $6,000,000.00 ",,OPRE,per new contract spreadsheet 2/8/24,C,EV,
1/25/2025,Downloaded,Per Apocalypse,Adios MAPS,Sheila,2026,G99CC26 (CC - 5 YR),11623,National ECE Workforce Center,National ECE Workforce Center,grants,CC Year 4,12/1/2025," $1,000,000.00 ",,OPRE,,C,AR,
1/25/2025,Downloaded,Per Apocalypse,Adios MAPS,Sheila,2026,G99HS26 (HS-5 YR),11619,National ECE Workforce Center,National ECE Workforce Center,grants,HS Year 4,12/1/2025," $1,000,000.00 ",,OPRE,,C,AR,
1/25/2025,Downloaded,Per Apocalypse,Adios MAPS,Sheila,2026,G996121 (WR),12491,Next Steps For Tribal TANF Research And Data,Next Steps for Tribal TANF Research and Data,contract,OSC 4,9/30/2026," $251,473.94 ",,OPRE,per Girley email 9/20/23,C,EV,
1/25/2025,Downloaded,Per Apocalypse,Adios MAPS,Sheila,2026,G996121 (WR),12487,NextGen 2.0,DOI - NextGen 2.0,iaa,OSC 4 - $0 in contract,6/29/2026," $581,009.91 ",,OPRE,per base award document 10/6/23,C,EV,True
1/25/2025,Downloaded,Per Apocalypse,Adios MAPS,Sheila,2026,G996121 (WR),12488,NextGen 2.0,DOI - NextGen 2.0,iaa,OSC 6 - $0 in contract,11/1/2025," $124,508.35 ",,OPRE,per base award document 10/6/23; Updated per Marie 12/5/24,C,EV,True
1/25/2025,Downloaded,Per Apocalypse,Adios MAPS,Sheila,2026,G99WRGB (CCE),10631,OPRE,DOI - OPS,iaa,OP 4 - CCE,5/1/2026," $278,730.00 ",,OPRE,per OPS - DOI Spreadsheet; per IGCE,C,EV,False
1/25/2025,Downloaded,Per Apocalypse,Adios MAPS,Sheila,2026,G99HRF2 (OPRE-HMRF),10907,OPRE,DOI - OPS,iaa,OP 4 - HM/RF,5/1/2026," $189,619.99 ",,OPRE,per OPS - DOI Spreadsheet; based on IGCE,C,EV,False
1/25/2025,Downloaded,Per Apocalypse,Adios MAPS,Sheila,2026,G99WRGB (CCE),13444,OPRE,MS Enterprise Agreement FY22-FY27 - THVRS - OPS,contract,FY26 - Azure for OPS - CCE,4/1/2026," $5,516.49 ",,OPRE,MS Enterprize Agreement - year 5,C,EV,
1/25/2025,Downloaded,Per Apocalypse,Adios MAPS,Sheila,2026,G99HRF2 (OPRE-HMRF),13447,OPRE,MS Enterprise Agreement FY22-FY27 - THVRS - OPS,contract,FY26 - Azure for OPS - HM/RF,4/1/2026," $4,083.84 ",,OPRE,MS Enterprize Agreement - year 5,C,EV,
1/25/2025,Downloaded,Per Apocalypse,Adios MAPS,Sheila,2026,G99HS26 (HS-5 YR),13438,OPRE,MS Enterprise Agreement FY22-FY27 - THVRS - OPS,contract,FY26 - Azure for OPS - HS,4/1/2026," $6,536.47 ",,OPRE,MS Enterprize Agreement - year 5,C,EV,
1/25/2025,Downloaded,Per Apocalypse,Adios MAPS,Sheila,2026,G99RD26 (R&D-5 YR),13432,OPRE,MS Enterprise Agreement FY22-FY27 - THVRS - OPS,contract,FY26 - Azure for OPS - SSRD,4/1/2026," $2,456.53 ",,OPRE,MS Enterprize Agreement - year 3,C,EV,
1/25/2025,Downloaded,Per Apocalypse,Adios MAPS,Sheila,2026,G996121 (WR),13435,OPRE,MS Enterprise Agreement FY22-FY27 - THVRS - OPS,contract,FY26 - Azure for OPS - WR,4/1/2026," $9,401.78 ",,OPRE,MS Enterprize Agreement - year 5,C,EV,
1/25/2025,Downloaded,Per Apocalypse,Adios MAPS,Sheila,2026,G996121 (WR),11948,Pathways To Work Evidence Clearinghouse,DOI - Pathways to Work Evidence Clearinghouse 2.0,iaa,OSC 8 - $0 in contract,6/30/2026," $243,733.47 ",,OPRE,per contract spreadsheet 11/01/22; updated per Amelia email 2/9/23; updated per Amelia email 8/24/23,C,EV,True
1/25/2025,Downloaded,Per Apocalypse,Adios MAPS,Sheila,2026,G99CF22 (OPRE-CHAF RES - 5 YR),6293,Prevention Services Clearinghouse,Establish and Maintain a Clearinghouse of Family First Prevention Services,contract,OSC5,9/25/2026," $627,811.00 ",18834.33,OPRE,Per spreadsheet  from Chris F 4/24/18; updated per Laura N. email 9/14,C,EV,
1/25/2025,Downloaded,Per Apocalypse,Adios MAPS,Sheila,2026,G996121 (WR),14562,Project SUPPORTT - Supporting Pilot Program Outcomes,Project SUPPORTT - Phase 2,contract,OSC 2,9/30/2026," $1,515,168.00 ",,OPRE,per new contract spreadsheet 10/28/24,C,EV,
1/25/2025,Downloaded,Per Apocalypse,Adios MAPS,Sheila,2026,G996121 (WR),14563,Project SUPPORTT - Supporting Pilot Program Outcomes,Project SUPPORTT - Phase 2,contract,OSC 8,9/30/2026," $639,618.00 ",,OPRE,per new contract spreadsheet 10/28/24,C,EV,
3/12/2025,Downloaded,Per Apocalypse,MAPS Clean Up,Nancy,2026,G99MWB6 (MHV-26),14621,Reflective Supervision Measurement Research Awards,Reflective Supervision Measurement Research Awards,grants,Year 2 - Grant 1 of 5,9/30/2026," $100,000.00 ",,OPRE,,C,EV,
3/12/2025,Downloaded,Per Apocalypse,MAPS Clean Up,Nancy,2026,G99MWB6 (MHV-26),14622,Reflective Supervision Measurement Research Awards,Reflective Supervision Measurement Research Awards,grants,Year 2 - Grant 2 of 5,9/30/2026," $100,000.00 ",,OPRE,,C,EV,
3/12/2025,Downloaded,Per Apocalypse,MAPS Clean Up,Nancy,2026,G99MWB6 (MHV-26),14623,Reflective Supervision Measurement Research Awards,Reflective Supervision Measurement Research Awards,grants,Year 2 - Grant 3 of 5,9/30/2026," $100,000.00 ",,OPRE,,C,EV,
3/12/2025,Downloaded,Per Apocalypse,MAPS Clean Up,Nancy,2026,G99MWB6 (MHV-26),14624,Reflective Supervision Measurement Research Awards,Reflective Supervision Measurement Research Awards,grants,Year 2 - Grant 4 of 5,9/30/2026," $100,000.00 ",,OPRE,,C,EV,
3/12/2025,Downloaded,Per Apocalypse,MAPS Clean Up,Nancy,2026,G99MWB6 (MHV-26),14625,Reflective Supervision Measurement Research Awards,Reflective Supervision Measurement Research Awards,grants,Year 2 - Grant 5 of 5,9/30/2026," $100,000.00 ",,OPRE,,C,EV,
1/25/2025,Downloaded,Per Apocalypse,Adios MAPS,Sheila,2026,G996490 (Recovery Coaches),11027,Replicable Recovery And Reunification Intervention,NIH - (R3-Impact),iaa,OSC7 - $0 in contract,10/1/2025," $2,299,862.64 ",,OPRE,per final award,C,EV,False
1/25/2025,Downloaded,Per Apocalypse,Adios MAPS,Sheila,2026,G996121 (WR),14321,Research And Eval Conference On Self-Suff (RECS),OPRE Research Conferences and Technical Support,contract,Option 1,9/30/2026," $5,203.52 ",,OPRE,per new contract spreadsheet 1/12/24; per Liz email 5/14/24; Liz email 9/24/24,C,EV,
1/25/2025,Downloaded,Per Apocalypse,Adios MAPS,Sheila,2026,G996121 (WR),14319,Research And Eval Conference On Self-Suff (RECS),OPRE Research Conferences and Technical Support,contract,Option 1,9/30/2026," $113,568.60 ",,OPRE,per new contract spreadsheet 1/12/24; per Liz email 5/14/24; Liz email 9/24/24,C,EV,
1/25/2025,Downloaded,Per Apocalypse,Adios MAPS,Sheila,2026,G996121 (WR),14320,Research And Eval Conference On Self-Suff (RECS),OPRE Research Conferences and Technical Support,contract,Option 1,9/30/2026," $193,318.50 ",,OPRE,per new contract spreadsheet 1/12/24; per Liz email 5/14/24; Liz email 9/24/24,C,EV,
1/25/2025,Downloaded,Per Apocalypse,Adios MAPS,Sheila,2026,G996121 (WR),13694,Research And Eval Conference On Self-Suff (RECS),OPRE Research Conferences and Technical Support,contract,Option 1,9/30/2026," $386,915.92 ",,OPRE,per new contract spreadsheet 1/12/24; per Liz email 5/14/24; Liz email 9/24/24,C,EV,
1/25/2025,Downloaded,Per Apocalypse,Adios MAPS,Sheila,2026,G996121 (WR),14324,Research And Eval Conference On Self-Suff (RECS),OPRE Research Conferences and Technical Support,contract,Option 2a,1/31/2026," $4,535.36 ",,OPRE,per new contract spreadsheet 1/12/24; per Liz email 5/14/24; Liz email 9/24/24,C,EV,
1/25/2025,Downloaded,Per Apocalypse,Adios MAPS,Sheila,2026,G996121 (WR),14323,Research And Eval Conference On Self-Suff (RECS),OPRE Research Conferences and Technical Support,contract,Option 2a,1/31/2026," $182,597.64 ",,OPRE,per new contract spreadsheet 1/12/24; per Liz email 5/14/24; Liz email 9/24/24,C,EV,
1/25/2025,Downloaded,Per Apocalypse,Adios MAPS,Sheila,2026,G996121 (WR),13695,Research And Eval Conference On Self-Suff (RECS),OPRE Research Conferences and Technical Support,contract,Option 2a,1/31/2026," $203,594.92 ",,OPRE,per new contract spreadsheet 1/12/24; per Liz email 5/14/24; Liz email 9/24/24,C,EV,
1/25/2025,Downloaded,Per Apocalypse,Adios MAPS,Sheila,2026,G996121 (WR),14322,Research And Eval Conference On Self-Suff (RECS),OPRE Research Conferences and Technical Support,contract,Option 2a,1/31/2026," $218,522.60 ",,OPRE,per new contract spreadsheet 1/12/24; per Liz email 5/14/24; Liz email 9/24/24,C,EV,
1/25/2025,Downloaded,Per Apocalypse,Adios MAPS,Sheila,2026,G99HS26 (HS-5 YR),14337,Research And Eval Conference On Self-Suff (RECS),OPRE Research Conferences and Technical Support,contract,Option 4a,12/31/2025," $3,776.13 ",,OPRE,per new contract spreadsheet 1/12/24; per Liz email 5/14/24; Liz email 9/24/24,C,EV,
1/25/2025,Downloaded,Per Apocalypse,Adios MAPS,Sheila,2026,G99HS26 (HS-5 YR),14336,Research And Eval Conference On Self-Suff (RECS),OPRE Research Conferences and Technical Support,contract,Option 4a,12/31/2025," $105,773.42 ",,OPRE,per new contract spreadsheet 1/12/24; per Liz email 5/14/24; Liz email 9/24/24,C,EV,
1/25/2025,Downloaded,Per Apocalypse,Adios MAPS,Sheila,2026,G99HS26 (HS-5 YR),13875,Research And Eval Conference On Self-Suff (RECS),OPRE Research Conferences and Technical Support,contract,Option 4a,12/31/2025," $159,257.84 ",,OPRE,per new contract spreadsheet 1/12/24; per Liz email 5/14/24; Liz email 9/24/24,C,EV,
1/25/2025,Downloaded,Per Apocalypse,Adios MAPS,Sheila,2026,G99HS26 (HS-5 YR),14335,Research And Eval Conference On Self-Suff (RECS),OPRE Research Conferences and Technical Support,contract,Option 4a,12/31/2025," $238,453.10 ",,OPRE,per new contract spreadsheet 1/12/24; per Liz email 5/14/24; Liz email 9/24/24,C,EV,
1/25/2025,Downloaded,Per Apocalypse,Adios MAPS,Sheila,2026,G99RH22 (RHY),13336,Runaway & Homeless Youth Learning Agenda Support,Runaway & Homeless Youth Learning Agenda Support (RHY LAS),contract,OSC 3,10/27/2025," $446,593.00 ",13397.79,OPRE,per Caryn Blitz email 10/20/23; Updated per Caryn email 12/11/23; per Caryn email 12/14/23,C,EV,
1/25/2025,Downloaded,Per Apocalypse,Adios MAPS,Sheila,2026,G99RH22 (RHY),13342,Runaway & Homeless Youth Learning Agenda Support,Runaway & Homeless Youth Learning Agenda Support (RHY LAS),contract,OSC 5b,10/27/2025," $61,642.00 ",1849.26,OPRE,per Caryn Blitz email 10/20/23; Updated per Caryn email 12/11/23; per Caryn email 12/14/23,C,EV,
1/25/2025,Downloaded,Per Apocalypse,Adios MAPS,Sheila,2026,G99RH22 (RHY),13345,Runaway & Homeless Youth Learning Agenda Support,Runaway & Homeless Youth Learning Agenda Support (RHY LAS),contract,OSC 6b,10/27/2025," $72,779.00 ",2183.37,OPRE,per Caryn Blitz email 10/20/23; Updated per Caryn email 12/11/23; per Caryn email 12/14/23,C,EV,
1/25/2025,Downloaded,Per Apocalypse,Adios MAPS,Sheila,2026,G99RH22 (RHY),13423,Runaway & Homeless Youth Learning Agenda Support,Runaway & Homeless Youth Learning Agenda Support (RHY LAS),contract,OSC 6c,10/27/2025," $125,358.00 ",3760.74,OPRE,per Caryn Blitz email 10/20/23; Updated per Caryn email 12/11/23; per Caryn email 12/14/23,C,EV,
1/25/2025,Downloaded,Per Apocalypse,Adios MAPS,Sheila,2026,G99RH22 (RHY),13424,Runaway & Homeless Youth Learning Agenda Support,Runaway & Homeless Youth Learning Agenda Support (RHY LAS),contract,OSC 7,10/27/2025," $185,968.00 ",5579.04,OPRE,per Caryn Blitz email 10/20/23; Updated per Caryn email 12/11/23; per Caryn email 12/14/23,C,EV,
1/25/2025,Downloaded,Per Apocalypse,Adios MAPS,Sheila,2026,G99HRF2 (OPRE-HMRF),12566,Society For Prevention Research (NIDA IDDA - SPR),SPR,grants,"IDDA to SPR, for a grant",4/1/2026," $25,000.00 ",,OPRE,,C,EV,
1/25/2025,Downloaded,Per Apocalypse,Adios MAPS,Sheila,2026,G99CD22 (OPRE CA Disc Resrch),11336,State Child Abuse And Neglect (SCAN) Policies Data,DOI - SCAN Policies Database - Sole Source,iaa,OSC 5 - $0 in contract,6/1/2026," $401,813.41 ",,OPRE,per contract spreadsheet 5/9/22; updated per Chris F email 8/16/22,C,EV,False
1/25/2025,Downloaded,Per Apocalypse,Adios MAPS,Sheila,2026,G996121 (WR),13277,TANF Data Collaborative 2.0,TANF Data Collaborative 2.0 (TDC 2.0),contract,OSC 4 - Key,3/31/2026," $177,284.01 ",,OPRE,"Per Nicole/new contract spreadsheet 1/14/22; updated per spreadsheet 3/13/23, Per Siri M email, final award 9-21 TE; per Siri email 4/25/24",C,EV,True
1/25/2025,Downloaded,Per Apocalypse,Adios MAPS,Sheila,2026,G996121 (WR),12594,TANF Policy Research And Analyses (TPRA),TANF Policy Research and Analyses (TPRA),contract,OP 1,12/1/2025," $116,199.94 ",,OPRE,"per spreadsheet 12/19/22; per Hilary email 5/8/23, Per Erin Cannon email 9-27; per Amelia email 12/11",C,EV,
1/25/2025,Downloaded,Per Apocalypse,Adios MAPS,Sheila,2026,G996121 (WR),12596,TANF Policy Research And Analyses (TPRA),TANF Policy Research and Analyses (TPRA),contract,OP 3,1/30/2026," $116,650.86 ",,OPRE,"per spreadsheet 12/19/22; per Hilary email 5/8/23, Per Erin Cannon email 9-27",C,EV,
1/25/2025,Downloaded,Per Apocalypse,Adios MAPS,Sheila,2026,G996121 (WR),12600,TANF Policy Research And Analyses (TPRA),TANF Policy Research and Analyses (TPRA),contract,OP 7,3/30/2026," $198,875.90 ",,OPRE,"per spreadsheet 12/19/22; per Hilary email 5/8/23, Per Erin Cannon email 9-27",C,EV,
1/25/2025,Downloaded,Per Apocalypse,Adios MAPS,Sheila,2026,G996121 (WR),12601,TANF Policy Research And Analyses (TPRA),TANF Policy Research and Analyses (TPRA),contract,OP 8,9/30/2026," $198,781.15 ",,OPRE,"per spreadsheet 12/19/22; per Hilary email 5/8/23, Per Erin Cannon email 9-27",C,EV,
1/25/2025,Downloaded,Per Apocalypse,Adios MAPS,Sheila,2026,G996121 (WR),13565,TRIM Micro Simulation Support,TRIM Micro Simulation Support,iaa,IAA,8/1/2026," $125,000.00 ",,OPRE,Per Hilary Bruck Email 1/4/24,C,EV,
1/25/2025,Downloaded,Per Apocalypse,Adios MAPS,Sheila,2026,G99HRF2 (OPRE-HMRF),10826,Testing Identified Elements For Success In Fatherhood Programs (Fatherhood TIES).,NIH - Fatherhood TIES,iaa,OSC 3,6/1/2026," $1,728,587.00 ",,OPRE,per spreadsheet 1-4-22  $0 in contracts; per rebecca email 7-22-22,C,EV,False
1/25/2025,Downloaded,Per Apocalypse,Adios MAPS,Sheila,2026,G99HRF2 (OPRE-HMRF),10827,Testing Identified Elements For Success In Fatherhood Programs (Fatherhood TIES).,NIH - Fatherhood TIES,iaa,OSC 4,6/1/2025," $714,215.00 ",,OPRE,per spreadsheet 1-4-22  $0 in contracts; revised per rebecca email 7-22-22,C,EV,True
1/25/2025,Downloaded,Per Apocalypse,Adios MAPS,Sheila,2026,G99HS23 (HS-5 YR),14426,Tribal Early Childhood And Family Economic Well-Being Research Center (TRC),Tribal Early Childhood and Family Economic Well-Being Research Center (TRC),grants,Year 2 - Grant 1 of 4,9/30/2025," $250,000.00 ",,OPRE,,C,?,
3/12/2025,Downloaded,Per Apocalypse,MAPS Clean Up,Nancy,2026,G99MVC6 (MHV-26),14427,Tribal Early Childhood And Family Economic Well-Being Research Center (TRC),Tribal Early Childhood and Family Economic Well-Being Research Center (TRC),grants,Year 2 - Grant 2 of 4,9/30/2025," $250,000.00 ",,OPRE,,C,?,
1/25/2025,Downloaded,Per Apocalypse,Adios MAPS,Sheila,2026,G99WRGB (CCE),14428,Tribal Early Childhood And Family Economic Well-Being Research Center (TRC),Tribal Early Childhood and Family Economic Well-Being Research Center (TRC),grants,Year 2 - Grant 3 of 4,9/30/2025," $250,000.00 ",,OPRE,,C,?,
1/25/2025,Downloaded,Per Apocalypse,Adios MAPS,Sheila,2027,G99RD27 (R&D-5 YR),14064,ACF Data Capacity,ACF Data Capacity,contract,Option 2 Core GFE Estimate,9/30/2027," $325,000.00 ",,OPRE,per Bethanne 2/15/24,C,EV,
1/25/2025,Downloaded,Per Apocalypse,Adios MAPS,Sheila,2027,G99RD27 (R&D-5 YR),13679,ACF Data Capacity,ACF Data Capacity,contract,Option 3 Core Component,9/30/2027," $2,771,428.06 ",,OPRE,per new contract spreadsheet 1/9/24; per Nicole email 1/30/24; per Nicole email 2/14/24;Per Rafael email 7/25/24; per Nicole email 10/8/24,C,EV,
1/25/2025,Downloaded,Per Apocalypse,Adios MAPS,Sheila,2027,G99RD27 (R&D-5 YR),13762,ACF Data Capacity,ACF Data Capacity,contract,Option 3 Surge Component,9/30/2027," $3,922,319.20 ",,OPRE,per Bethanne email 2/15/24; per Rafael email 7/25/24; per Nicole email 10/8/24,C,EV,
1/25/2025,Downloaded,Per Apocalypse,Adios MAPS,Sheila,2027,G99HS27 (HS-5 YR),14592,Baby FACES,Baby Faces 2024?,contract,OSC 2 - HS,9/15/2027," $7,000,000.00 ",,OPRE,per Amy M emaill - data sheets - 5-18-18; Updated per Jenessa Malin email 5/7/24; updated per Jenessa Malin 11/19/24,C,EV,
1/25/2025,Downloaded,Per Apocalypse,Adios MAPS,Sheila,2027,G99CC27 (CC - 5 YR),14364,CCDF Policies Database,CCDF Policies Database 2023,contract,Option - OLMs,4/30/2027, $435.00 ,,OPRE,per Sarah email 5/4/23; updated per Kathleen email 1/22/24; per Sarah email 9/26/24,C,EV,
1/25/2025,Downloaded,Per Apocalypse,Adios MAPS,Sheila,2027,G99CC27 (CC - 5 YR),14363,CCDF Policies Database,CCDF Policies Database 2023,contract,Option - Travel,4/30/2027," $1,889.40 ",,OPRE,per Sarah email 5/4/23; updated per Kathleen email 1/22/24; per Sarah email 9/26/24; per Kathleen email 9/26/24,C,EV,
1/25/2025,Downloaded,Per Apocalypse,Adios MAPS,Sheila,2027,G99CC27 (CC - 5 YR),14362,CCDF Policies Database,CCDF Policies Database 2023,contract,Option – Labor,4/30/2027," $273,508.14 ",,OPRE,per Sarah email 5/4/23; updated per Kathleen email 1/22/24; per Sarah email 9/26/24; per Kathleen email 9/26/24,C,EV,
1/25/2025,Downloaded,Per Apocalypse,Adios MAPS,Sheila,2027,G99CC27 (CC - 5 YR),14725,CCPRP: Evaluating CCDF Lead Agencies’ Consumer Education Strategies,Evaluating CCDF Lead Agencies Consumer Education Strategies,grants,Year 3 - Grant 1 of 6,9/30/2027," $450,000.00 ",,OPRE,,C,EV,
1/25/2025,Downloaded,Per Apocalypse,Adios MAPS,Sheila,2027,G99CC27 (CC - 5 YR),14726,CCPRP: Evaluating CCDF Lead Agencies’ Consumer Education Strategies,Evaluating CCDF Lead Agencies Consumer Education Strategies,grants,Year 3 - Grant 2 of 6,9/30/2027," $450,000.00 ",,OPRE,,C,EV,
1/25/2025,Downloaded,Per Apocalypse,Adios MAPS,Sheila,2027,G99CC27 (CC - 5 YR),14727,CCPRP: Evaluating CCDF Lead Agencies’ Consumer Education Strategies,Evaluating CCDF Lead Agencies Consumer Education Strategies,grants,Year 3 - Grant 3 of 6,9/30/2027," $450,000.00 ",,OPRE,,C,EV,
1/25/2025,Downloaded,Per Apocalypse,Adios MAPS,Sheila,2027,G99CC27 (CC - 5 YR),14728,CCPRP: Evaluating CCDF Lead Agencies’ Consumer Education Strategies,Evaluating CCDF Lead Agencies Consumer Education Strategies,grants,Year 3 - Grant 4 of 6,9/30/2027," $450,000.00 ",,OPRE,,C,EV,
1/25/2025,Downloaded,Per Apocalypse,Adios MAPS,Sheila,2027,G99CC27 (CC - 5 YR),14729,CCPRP: Evaluating CCDF Lead Agencies’ Consumer Education Strategies,Evaluating CCDF Lead Agencies Consumer Education Strategies,grants,Year 3 - Grant 5 of 6,9/30/2027," $450,000.00 ",,OPRE,,C,EV,
1/25/2025,Downloaded,Per Apocalypse,Adios MAPS,Sheila,2027,G99CC27 (CC - 5 YR),14730,CCPRP: Evaluating CCDF Lead Agencies’ Consumer Education Strategies,Evaluating CCDF Lead Agencies Consumer Education Strategies,grants,Year 3 - Grant 6 of 6,9/30/2027," $450,000.00 ",,OPRE,,C,EV,
1/25/2025,Downloaded,Per Apocalypse,Adios MAPS,Sheila,2027,G99CC27 (CC - 5 YR),14711,Center For Advancing Evidence-Based Decision-Making In Child Care And Early Education,Center for Advancing Evidence-Based Decision-Making in CCEE,contract,Option 2,8/15/2027," $1,000,000.00 ",,OPRE,per new contract spreadsheet 12/18/24,C,EV,False
1/25/2025,Downloaded,Per Apocalypse,Adios MAPS,Sheila,2027,G99CC27 (CC - 5 YR),13480,Center For Home-based Child Care Supply Research,Center for home-based child care supply research,grants,Year 4 - Grant 1 of 1,9/30/2027," $1,000,000.00 ",,OPRE,per Ivelisse email 12/21/23,C,EV,
1/25/2025,Downloaded,Per Apocalypse,Adios MAPS,Sheila,2027,G99CC27 (CC - 5 YR),12834,Evaluation Of PD Systems For Infant/Toddler Teachers/Caregivers,Evaluation of PD Systems for Infant/Toddler Teachers/Caregivers,contract,Option 3-CC,4/1/2027," $73,426.64 ",,OPRE,per Jenessa spreadsheet 6/6/23; updated per Krystal email 7/1/24; per Krystal email 9/4/24,C,EV,
1/25/2025,Downloaded,Per Apocalypse,Adios MAPS,Sheila,2027,G99HS24 (HS-5 YR),12835,Evaluation Of PD Systems For Infant/Toddler Teachers/Caregivers,Evaluation of PD Systems for Infant/Toddler Teachers/Caregivers,contract,Option 3-HS,4/1/2027," $73,426.64 ",,OPRE,per Jenessa spreadsheet 6/6/23; updated per Krystal email 7/1/24; per Krystal email 9/4/24,C,EV,
1/25/2025,Downloaded,Per Apocalypse,Adios MAPS,Sheila,2027,G99RD27 (R&D-5 YR),14573,Evidence Capacity Support,Evidence Capacity Support 2.0,contract,OY 2 Core Services,8/15/2027," $575,000.00 ",,OPRE,per new award spreadsheet 10/29/24,C,EV,False
1/25/2025,Downloaded,Per Apocalypse,Adios MAPS,Sheila,2027,G996121 (WR),14137,Family Self-Sufficiency Learning-Engagement-Research Knowledge Sharing Support (LEARN),Family Self-Sufficiency Learning-Engagement-Research Knowledge Sharing Support (LEARN),contract,OSC 11 - Option 10 - LABOR,8/19/2027," $21,807.59 ",,OPRE,per spreadsheet 3/8/23; Updated per Amelia email 11/1/23; per Amelia email 7/16/24; per Amelia spreadsheet 8/13/24,C,EV,
1/25/2025,Downloaded,Per Apocalypse,Adios MAPS,Sheila,2027,G996121 (WR),14138,Family Self-Sufficiency Learning-Engagement-Research Knowledge Sharing Support (LEARN),Family Self-Sufficiency Learning-Engagement-Research Knowledge Sharing Support (LEARN),contract,OSC 11 - Option 10 - TRAVEL/MATERIALS,8/19/2027," $25,599.87 ",,OPRE,per spreadsheet 3/8/23; Updated per Amelia email 11/1/23; per Amelia email 7/16/24; per Amelia spreadsheet 8/13/24,C,EV,
1/25/2025,Downloaded,Per Apocalypse,Adios MAPS,Sheila,2027,G996121 (WR),12164,Family Self-Sufficiency Learning-Engagement-Research Knowledge Sharing Support (LEARN),Family Self-Sufficiency Learning-Engagement-Research Knowledge Sharing Support (LEARN),contract,OSC 15 - Option 14 - LABOR,9/30/2027," $20,158.79 ",,OPRE,per spreadsheet 3/8/23; Updated per Amelia email 11/1/23; per Amelia email 7/16/24; per Amelia spreadsheet 8/13/24,C,EV,
1/25/2025,Downloaded,Per Apocalypse,Adios MAPS,Sheila,2027,G996121 (WR),14139,Family Self-Sufficiency Learning-Engagement-Research Knowledge Sharing Support (LEARN),Family Self-Sufficiency Learning-Engagement-Research Knowledge Sharing Support (LEARN),contract,OSC 15 - Option 14 - TRAVEL/MATERIALS,9/30/2027," $1,048.76 ",,OPRE,per spreadsheet 3/8/23; Updated per Amelia email 11/1/23; per Amelia email 7/16/24; per Amelia spreadsheet 8/13/24,C,EV,
1/25/2025,Downloaded,Per Apocalypse,Adios MAPS,Sheila,2027,G996121 (WR),14135,Family Self-Sufficiency Learning-Engagement-Research Knowledge Sharing Support (LEARN),Family Self-Sufficiency Learning-Engagement-Research Knowledge Sharing Support (LEARN),contract,OSC 8 - Option 7 - LABOR,8/19/2027," $101,858.53 ",,OPRE,per spreadsheet 3/8/23; Updated per Amelia email 11/1/23; per Amelia email 7/16/24; per Amelia spreadsheet 8/13/24,C,EV,
1/25/2025,Downloaded,Per Apocalypse,Adios MAPS,Sheila,2027,G996121 (WR),14136,Family Self-Sufficiency Learning-Engagement-Research Knowledge Sharing Support (LEARN),Family Self-Sufficiency Learning-Engagement-Research Knowledge Sharing Support (LEARN),contract,OSC 8 - Option 7 - TRAVEL/MATERIALS,8/19/2027," $34,423.25 ",,OPRE,per spreadsheet 3/8/23; Updated per Amelia email 11/1/23; per Amelia email 7/16/24; per Amelia spreadsheet 8/13/24,C,EV,
1/25/2025,Downloaded,Per Apocalypse,Adios MAPS,Sheila,2027,G99HS27 (HS-5 YR),14190,HS Mental Health Supports,Understanding Mental and Behavioral Health in Head Start,contract,OSC 3 1031 (labor),7/15/2027," $173,233.69 ",,OPRE,per spreadsheet 12/21/22; per Laura 6/26/23; per Laura 11/13/23; per Laura email 2/23/24; per Laura email 9/11/24; per Laura email 9/25/24,C,EV,
1/25/2025,Downloaded,Per Apocalypse,Adios MAPS,Sheila,2027,G99HS27 (HS-5 YR),14192,HS Mental Health Supports,Understanding Mental and Behavioral Health in Head Start,contract,OSC 3 1033 (OLM),7/15/2027," $2,251.02 ",,OPRE,per spreadsheet 12/21/22; per Laura 6/26/23; per Laura 11/13/23; per Laura email 2/23/24; per Laura email 9/11/24; per Laura email 9/25/24,C,EV,
3/12/2025,Downloaded,Per Apocalypse,MAPS Clean Up,Nancy,2027,G99MVB7 (MHV-27),14603,HV - Home Visiting Evidence Of Effectiveness (HomVEE),HomVEE 5,contract,Option 1.B,9/30/2027," $1,662,596.00 ",,OPRE,,N,EV,False
3/12/2025,Downloaded,Per Apocalypse,MAPS Clean Up,Nancy,2027,G99MVC7 (MHV-27),14605,HV - Home Visiting Evidence Of Effectiveness (HomVEE),HomVEE 5,contract,Option 2,9/30/2027," $700,417.00 ",,OPRE,,C,EV,False
3/12/2025,Downloaded,Per Apocalypse,MAPS Clean Up,Nancy,2027,G99MVM7 (MHV-27),14608,HV - Home Visiting Evidence Of Effectiveness (HomVEE),HomVEE 5,contract,Option 3.C,9/30/2027," $257,631.00 ",,OPRE,,C,EV,False
3/12/2025,Downloaded,Per Apocalypse,MAPS Clean Up,Nancy,2027,G99MVB7 (MHV-27),14609,HV - Home Visiting Evidence Of Effectiveness (HomVEE),HomVEE 5,contract,Option 3.D,9/30/2027," $500,351.00 ",,OPRE,,C,EV,False
1/25/2025,Downloaded,Per Apocalypse,Adios MAPS,Sheila,2027,G996121 (WR),13814,NDNH Data Match,BEES (Evidence Building in TANF),iaa,BEES agreement,1/1/2027," $41,000.00 ",,OPRE,per Nicole email 4/3/24; per Nicole email 10/10/24,C,EV,
1/25/2025,Downloaded,Per Apocalypse,Adios MAPS,Sheila,2027,G99CR27 (OPRE CW Res),13735,NSCAW,State and National Survey of Child and Adolescent Well-being,contract,OSC 5,9/12/2027," $1,238,000.00 ",,OPRE,per new contract spreadsheet 2/8/24,C,EV,
1/25/2025,Downloaded,Per Apocalypse,Adios MAPS,Sheila,2027,G99CR27 (OPRE CW Res),13736,NSCAW,State and National Survey of Child and Adolescent Well-being,contract,OSC 6A,9/12/2027," $2,527,000.00 ",,OPRE,per new contract spreadsheet 2/8/24,C,EV,
1/25/2025,Downloaded,Per Apocalypse,Adios MAPS,Sheila,2027,G99CR27 (OPRE CW Res),13737,NSCAW,State and National Survey of Child and Adolescent Well-being,contract,OSC 6B,9/12/2027," $1,257,000.00 ",,OPRE,per new contract spreadsheet 2/8/24,C,EV,
1/25/2025,Downloaded,Per Apocalypse,Adios MAPS,Sheila,2027,G99CC27 (CC - 5 YR),11625,National ECE Workforce Center,National ECE Workforce Center,grants,CC Year 5,12/1/2026," $1,000,000.00 ",,OPRE,,C,AR,
1/25/2025,Downloaded,Per Apocalypse,Adios MAPS,Sheila,2027,G99HS27 (HS-5 YR),11624,National ECE Workforce Center,National ECE Workforce Center,grants,HS Year 5,12/1/2026," $1,000,000.00 ",,OPRE,,C,AR,
1/25/2025,Downloaded,Per Apocalypse,Adios MAPS,Sheila,2027,G996121 (WR),14564,Project SUPPORTT - Supporting Pilot Program Outcomes,Project SUPPORTT - Phase 2,contract,OSC 3,9/30/2027," $680,477.00 ",,OPRE,per new contract spreadsheet 10/28/24,C,EV,
1/25/2025,Downloaded,Per Apocalypse,Adios MAPS,Sheila,2027,G996121 (WR),14565,Project SUPPORTT - Supporting Pilot Program Outcomes,Project SUPPORTT - Phase 2,contract,OSC 5,9/30/2027," $463,498.00 ",,OPRE,per new contract spreadsheet 10/28/24,C,EV,
1/25/2025,Downloaded,Per Apocalypse,Adios MAPS,Sheila,2027,G996121 (WR),14566,Project SUPPORTT - Supporting Pilot Program Outcomes,Project SUPPORTT - Phase 2,contract,OSC 9,9/30/2027," $665,122.00 ",,OPRE,per new contract spreadsheet 10/28/24,C,EV,
1/25/2025,Downloaded,Per Apocalypse,Adios MAPS,Sheila,2027,G99HS27 (HS-5 YR),14334,Research And Eval Conference On Self-Suff (RECS),OPRE Research Conferences and Technical Support,contract,Option 3b,10/31/2026," $4,902.98 ",,OPRE,per new contract spreadsheet 1/12/24; per Liz email 5/14/24; Liz email 9/24/24,C,EV,
1/25/2025,Downloaded,Per Apocalypse,Adios MAPS,Sheila,2027,G99HS27 (HS-5 YR),14333,Research And Eval Conference On Self-Suff (RECS),OPRE Research Conferences and Technical Support,contract,Option 3b,10/31/2026," $90,215.30 ",,OPRE,per new contract spreadsheet 1/12/24; per Liz email 5/14/24; Liz email 9/24/24,C,EV,
1/25/2025,Downloaded,Per Apocalypse,Adios MAPS,Sheila,2027,G99HS27 (HS-5 YR),14332,Research And Eval Conference On Self-Suff (RECS),OPRE Research Conferences and Technical Support,contract,Option 3b,10/31/2026," $173,733.60 ",,OPRE,per new contract spreadsheet 1/12/24; per Liz email 5/14/24; Liz email 9/24/24,C,EV,
1/25/2025,Downloaded,Per Apocalypse,Adios MAPS,Sheila,2027,G99HS27 (HS-5 YR),13698,Research And Eval Conference On Self-Suff (RECS),OPRE Research Conferences and Technical Support,contract,Option 3b,10/31/2026," $389,782.22 ",,OPRE,per new contract spreadsheet 1/12/24; per Liz email 5/14/24; Liz email 9/24/24,C,EV,
1/25/2025,Downloaded,Per Apocalypse,Adios MAPS,Sheila,2027,G99RH22 (RHY),13340,Runaway & Homeless Youth Learning Agenda Support,Runaway & Homeless Youth Learning Agenda Support (RHY LAS),contract,OSC 4,10/27/2026," $767,191.00 ",,OPRE,per Caryn Blitz email 10/20/23; Updated per Caryn email 12/11/23; per Caryn email 12/14/23,C,EV,
1/25/2025,Downloaded,Per Apocalypse,Adios MAPS,Sheila,2027,G99RH22 (RHY),13343,Runaway & Homeless Youth Learning Agenda Support,Runaway & Homeless Youth Learning Agenda Support (RHY LAS),contract,OSC 5c,10/27/2026," $58,458.00 ",,OPRE,per Caryn Blitz email 10/20/23; Updated per Caryn email 12/11/23; per Caryn email 12/14/23,C,EV,
1/25/2025,Downloaded,Per Apocalypse,Adios MAPS,Sheila,2027,G99CC23 (CC - 5 YR),9992,Supply-Building Strategies For Subsidized Families,NIH - Evaluation of Supply-Building Strategies,iaa,OSC 2 - $0 in contract,12/1/2027," $696,802.00 ",,OPRE,per Meryl spreadsheet 7/13/21; Amount change to match contract per Amanda email dtd 11/9/2022; per Ivelisse email 5/25/23; per Ivelisse email 8/2/23,C,EV,False
1/25/2025,Downloaded,Per Apocalypse,Adios MAPS,Sheila,2027,G99CC24 (CC - 5 YR),12042,Supply-Building Strategies For Subsidized Families,NIH - Evaluation of Supply-Building Strategies,iaa,OSC 4b - $0 in contract,6/30/2027," $431,809.00 ",,OPRE,per Meryl spreadsheet 7/13/21; Amount change per Amanda email dtd 11/9/2022,C,EV,False
1/25/2025,Downloaded,Per Apocalypse,Adios MAPS,Sheila,2027,G99CC24 (CC - 5 YR),12051,Supply-Building Strategies For Subsidized Families,NIH - Evaluation of Supply-Building Strategies,iaa,OSC 5a - $0 in contract,6/30/2027," $233,098.00 ",,OPRE,per Meryl spreadsheet 7/13/21,C,EV,False
1/25/2025,Downloaded,Per Apocalypse,Adios MAPS,Sheila,2027,G996121 (WR),13276,TANF Data Collaborative 2.0,TANF Data Collaborative 2.0 (TDC 2.0),contract,OSC 3 - Key,3/31/2027," $418,956.35 ",,OPRE,"Per Nicole/new contract spreadsheet 1/14/22; updated per spreadsheet 3/13/23, Per Siri M email, final award 9-21 TE; per Siri email 4/25/24",C,EV,
1/25/2025,Downloaded,Per Apocalypse,Adios MAPS,Sheila,2027,G996121 (WR),13278,TANF Data Collaborative 2.0,TANF Data Collaborative 2.0 (TDC 2.0),contract,OSC 5 - Non - Key,3/31/2027," $195,897.48 ",,OPRE,"Per Nicole/new contract spreadsheet 1/14/22; updated per spreadsheet 3/13/23, Per Siri M email, final award 9-21 TE; per Siri email 4/25/24",C,EV,True
1/25/2025,Downloaded,Per Apocalypse,Adios MAPS,Sheila,2027,G996121 (WR),12597,TANF Policy Research And Analyses (TPRA),TANF Policy Research and Analyses (TPRA),contract,OP 4,1/30/2027," $124,856.15 ",,OPRE,"per spreadsheet 12/19/22; per Hilary email 5/8/23, Per Erin Cannon email 9-27",C,EV,
1/25/2025,Downloaded,Per Apocalypse,Adios MAPS,Sheila,2027,G996121 (WR),12598,TANF Policy Research And Analyses (TPRA),TANF Policy Research and Analyses (TPRA),contract,OP 5,9/30/2027," $119,202.91 ",,OPRE,"per spreadsheet 12/19/22; per Hilary email 5/8/23, Per Erin Cannon email 9-27",C,EV,
1/25/2025,Downloaded,Per Apocalypse,Adios MAPS,Sheila,2027,G996121 (WR),12602,TANF Policy Research And Analyses (TPRA),TANF Policy Research and Analyses (TPRA),contract,OP 9,3/30/2027," $199,116.37 ",,OPRE,"per spreadsheet 12/19/22; per Hilary email 5/8/23, Per Erin Cannon email 9-27",C,EV,
1/25/2025,Downloaded,Per Apocalypse,Adios MAPS,Sheila,2027,G996121 (WR),13568,TRIM Micro Simulation Support,TRIM Micro Simulation Support,iaa,IAA,8/1/2027," $125,000.00 ",,OPRE,Per Hilary Bruck Email 1/4/24,C,EV,
1/25/2025,Downloaded,Per Apocalypse,Adios MAPS,Sheila,2027,G99HS23 (HS-5 YR),14430,Tribal Early Childhood And Family Economic Well-Being Research Center (TRC),Tribal Early Childhood and Family Economic Well-Being Research Center (TRC),grants,Year 3 - Grant 1 of 4,9/30/2027," $250,000.00 ",,OPRE,,C,?,
3/12/2025,Downloaded,Per Apocalypse,MAPS Clean Up,Nancy,2027,G99MVC7  (MHV-27),14431,Tribal Early Childhood And Family Economic Well-Being Research Center (TRC),Tribal Early Childhood and Family Economic Well-Being Research Center (TRC),grants,Year 3 - Grant 2 of 4,9/30/2027," $250,000.00 ",,OPRE,,C,?,
1/25/2025,Downloaded,Per Apocalypse,Adios MAPS,Sheila,2027,G99WRGB (CCE),14432,Tribal Early Childhood And Family Economic Well-Being Research Center (TRC),Tribal Early Childhood and Family Economic Well-Being Research Center (TRC),grants,Year 3 - Grant 3 of 4,9/30/2027," $250,000.00 ",,OPRE,,C,?,
1/25/2025,Downloaded,Per Apocalypse,Adios MAPS,Sheila,2027,G996121 (WR),14433,Tribal Early Childhood And Family Economic Well-Being Research Center (TRC),Tribal Early Childhood and Family Economic Well-Being Research Center (TRC),grants,Year 3 - Grant 4 of 4,9/30/2027," $250,000.00 ",,OPRE,,C,?,
1/25/2025,Downloaded,Per Apocalypse,Adios MAPS,Sheila,2027,G996121 (WR),13592,Website Support,Shared - Website Support - 2024,contract,OSC 4,9/30/2027," $134,032.50 ",,OPRE,per new contract spreadsheet 1/4/24,C,EV,
1/25/2025,Downloaded,Per Apocalypse,Adios MAPS,Sheila,2027,G996146 (OFA-WR),13597,Website Support,Shared - Website Support - 2024,contract,OSC 4,9/30/2027," $20,000.00 ",,OPRE,per new contract spreadsheet 1/4/24,C,EV,
1/25/2025,Downloaded,Per Apocalypse,Adios MAPS,Sheila,2027,G99CC27 (CC - 5 YR),13594,Website Support,Shared - Website Support - 2024,contract,OSC 4,9/30/2027," $155,899.50 ",,OPRE,per new contract spreadsheet 1/4/24,C,EV,
1/25/2025,Downloaded,Per Apocalypse,Adios MAPS,Sheila,2027,G99HRF2 (OPRE-HMRF),13596,Website Support,Shared - Website Support - 2024,contract,OSC 4,9/30/2027," $58,219.50 ",,OPRE,per new contract spreadsheet 1/4/24,C,EV,
1/25/2025,Downloaded,Per Apocalypse,Adios MAPS,Sheila,2027,G99HS27 (HS-5 YR),13593,Website Support,Shared - Website Support - 2024,contract,OSC 4,9/30/2027," $93,184.50 ",,OPRE,per new contract spreadsheet 1/4/24,C,EV,
1/25/2025,Downloaded,Per Apocalypse,Adios MAPS,Sheila,2027,G99RD27 (R&D-5 YR),13591,Website Support,Shared - Website Support - 2024,contract,OSC 4,9/30/2027," $35,020.50 ",,OPRE,per new contract spreadsheet 1/4/24,C,EV,
1/25/2025,Downloaded,Per Apocalypse,Adios MAPS,Sheila,2027,G99WRGB (CCE),13595,Website Support,Shared - Website Support - 2024,contract,OSC 4,9/30/2027," $78,643.50 ",,OPRE,per new contract spreadsheet 1/4/24,C,EV,
1/25/2025,Downloaded,Per Apocalypse,Adios MAPS,Sheila,2028,G99RD28 (R&D-5 YR),14065,ACF Data Capacity,ACF Data Capacity,contract,Option 3 Core GFE Estimate,9/30/2028," $325,000.00 ",,OPRE,per Bethanne 2/15/24; per Bethanne email 9/16/24,C,EV,
1/25/2025,Downloaded,Per Apocalypse,Adios MAPS,Sheila,2028,G99RD28 (R&D-5 YR),13684,ACF Data Capacity,ACF Data Capacity,contract,Option 4 Core Component,9/30/2028," $2,835,194.08 ",,OPRE,per new contract spreadsheet 1/9/24; per Nicole email 1/30/24; per Nicole email 2/14/24; per Rafael email 7/25/24; per Nicole email 10/8/24,C,EV,
1/25/2025,Downloaded,Per Apocalypse,Adios MAPS,Sheila,2028,G99RD28 (R&D-5 YR),13763,ACF Data Capacity,ACF Data Capacity,contract,Option 4 Surge Component,9/30/2028," $4,012,615.60 ",,OPRE,per Bethanne email 2/15/24; per Rafael email 7/25/24; per Nicole email 10/8/24,C,EV,
1/25/2025,Downloaded,Per Apocalypse,Adios MAPS,Sheila,2028,G99HS28 (HS-5 YR),14593,Baby FACES,Baby Faces 2024?,contract,OSC 3 - HS,9/15/2028," $1,000,000.00 ",,OPRE,per Amy M emaill - data sheets - 5-18-18; Updated per Jenessa Malin email 5/7/24; updated per Jenessa Malin 11/19/24,C,EV,
1/25/2025,Downloaded,Per Apocalypse,Adios MAPS,Sheila,2028,G99CC27 (CC - 5 YR),13649,CC - Fam CC Study- Engaging In Quality  Init +QRIS,Home-based Child Care Quality Improvement,contract,OSC 3,9/1/2028," $250,000.00 ",,OPRE,per new contract spreadsheet 1/9/24,C,EV,False
1/25/2025,Downloaded,Per Apocalypse,Adios MAPS,Sheila,2028,G99CC27 (CC - 5 YR),13650,CC - Fam CC Study- Engaging In Quality  Init +QRIS,Home-based Child Care Quality Improvement,contract,OSC 4,9/1/2028," $250,000.00 ",,OPRE,per new contract spreadsheet 1/9/24,C,EV,False
1/25/2025,Downloaded,Per Apocalypse,Adios MAPS,Sheila,2028,G99CC28 (CC - 5 YR),14731,CCPRP: Evaluating CCDF Lead Agencies’ Consumer Education Strategies,Evaluating CCDF Lead Agencies Consumer Education Strategies,grants,Year 4 - Grant 1 of 6,9/30/2028," $450,000.00 ",,OPRE,,C,EV,
1/25/2025,Downloaded,Per Apocalypse,Adios MAPS,Sheila,2028,G99CC28 (CC - 5 YR),14732,CCPRP: Evaluating CCDF Lead Agencies’ Consumer Education Strategies,Evaluating CCDF Lead Agencies Consumer Education Strategies,grants,Year 4 - Grant 2 of 6,9/30/2028," $450,000.00 ",,OPRE,,C,EV,
1/25/2025,Downloaded,Per Apocalypse,Adios MAPS,Sheila,2028,G99CC28 (CC - 5 YR),14733,CCPRP: Evaluating CCDF Lead Agencies’ Consumer Education Strategies,Evaluating CCDF Lead Agencies Consumer Education Strategies,grants,Year 4 - Grant 3 of 6,9/30/2028," $450,000.00 ",,OPRE,,C,EV,
1/25/2025,Downloaded,Per Apocalypse,Adios MAPS,Sheila,2028,G99CC28 (CC - 5 YR),14734,CCPRP: Evaluating CCDF Lead Agencies’ Consumer Education Strategies,Evaluating CCDF Lead Agencies Consumer Education Strategies,grants,Year 4 - Grant 4 of 6,9/30/2028," $450,000.00 ",,OPRE,,C,EV,
1/25/2025,Downloaded,Per Apocalypse,Adios MAPS,Sheila,2028,G99CC28 (CC - 5 YR),14735,CCPRP: Evaluating CCDF Lead Agencies’ Consumer Education Strategies,Evaluating CCDF Lead Agencies Consumer Education Strategies,grants,Year 4 - Grant 5 of 6,9/30/2028," $450,000.00 ",,OPRE,,C,EV,
1/25/2025,Downloaded,Per Apocalypse,Adios MAPS,Sheila,2028,G99CC28 (CC - 5 YR),14736,CCPRP: Evaluating CCDF Lead Agencies’ Consumer Education Strategies,Evaluating CCDF Lead Agencies Consumer Education Strategies,grants,Year 4 - Grant 6 of 6,9/30/2028," $450,000.00 ",,OPRE,,C,EV,
1/25/2025,Downloaded,Per Apocalypse,Adios MAPS,Sheila,2028,G99CC28 (CC - 5 YR),14712,Center For Advancing Evidence-Based Decision-Making In Child Care And Early Education,Center for Advancing Evidence-Based Decision-Making in CCEE,contract,Option 3,8/15/2028," $495,000.00 ",,OPRE,per new contract spreadsheet 12/18/24,C,EV,False
1/25/2025,Downloaded,Per Apocalypse,Adios MAPS,Sheila,2028,G99CC28 (CC - 5 YR),13482,Center For Home-based Child Care Supply Research,Center for home-based child care supply research,grants,Year 4 - Grant 1 of 1,9/30/2028," $1,000,000.00 ",,OPRE,per Ivelisse email 12/21/23,C,EV,
1/25/2025,Downloaded,Per Apocalypse,Adios MAPS,Sheila,2028,G99CC27 (CC - 5 YR),12836,Evaluation Of PD Systems For Infant/Toddler Teachers/Caregivers,Evaluation of PD Systems for Infant/Toddler Teachers/Caregivers,contract,Option 4A-CC,3/1/2028," $86,961.97 ",,OPRE,per Jenessa spreadsheet 6/6/23; updated per Krystal email 7/1/24; per Krystal email 9/4/24,C,EV,
1/25/2025,Downloaded,Per Apocalypse,Adios MAPS,Sheila,2028,G99HS24 (HS-5 YR),12837,Evaluation Of PD Systems For Infant/Toddler Teachers/Caregivers,Evaluation of PD Systems for Infant/Toddler Teachers/Caregivers,contract,Option 4A-HS,3/1/2028," $86,961.96 ",,OPRE,per Jenessa spreadsheet 6/6/23; updated per Krystal email 7/1/24; per Krystal email 9/4/24,C,EV,
1/25/2025,Downloaded,Per Apocalypse,Adios MAPS,Sheila,2028,G99CC27 (CC - 5 YR),12838,Evaluation Of PD Systems For Infant/Toddler Teachers/Caregivers,Evaluation of PD Systems for Infant/Toddler Teachers/Caregivers,contract,Option 4B-CC,3/1/2028," $86,961.96 ",,OPRE,per Jenessa spreadsheet 6/6/23; updated per Krystal email 7/1/24; per Krystal email 9/4/24,C,EV,
1/25/2025,Downloaded,Per Apocalypse,Adios MAPS,Sheila,2028,G99HS24 (HS-5 YR),12839,Evaluation Of PD Systems For Infant/Toddler Teachers/Caregivers,Evaluation of PD Systems for Infant/Toddler Teachers/Caregivers,contract,Option 4B-HS,3/1/2028," $86,961.97 ",,OPRE,per Jenessa spreadsheet 6/6/23; updated per Krystal email 7/1/24; per Krystal email 9/4/24,C,EV,
1/25/2025,Downloaded,Per Apocalypse,Adios MAPS,Sheila,2028,G99CC27 (CC - 5 YR),12840,Evaluation Of PD Systems For Infant/Toddler Teachers/Caregivers,Evaluation of PD Systems for Infant/Toddler Teachers/Caregivers,contract,Option 4C-CC,3/1/2028," $86,961.97 ",,OPRE,per Jenessa spreadsheet 6/6/23; updated per Krystal email 7/1/24; per Krystal email 9/4/24,C,EV,
1/25/2025,Downloaded,Per Apocalypse,Adios MAPS,Sheila,2028,G99HS24 (HS-5 YR),12841,Evaluation Of PD Systems For Infant/Toddler Teachers/Caregivers,Evaluation of PD Systems for Infant/Toddler Teachers/Caregivers,contract,Option 4C-HS,3/1/2028," $86,961.96 ",,OPRE,per Jenessa spreadsheet 6/6/23; updated per Krystal email 7/1/24; per Krystal email 9/4/24,C,EV,
1/25/2025,Downloaded,Per Apocalypse,Adios MAPS,Sheila,2028,G99RD28 (R&D-5 YR),14574,Evidence Capacity Support,Evidence Capacity Support 2.0,contract,OY 3 Core Services,8/15/2028," $575,000.00 ",,OPRE,per new award spreadsheet 10/29/24,C,EV,False
1/25/2025,Downloaded,Per Apocalypse,Adios MAPS,Sheila,2028,G996121 (WR),14143,Family Self-Sufficiency Learning-Engagement-Research Knowledge Sharing Support (LEARN),Family Self-Sufficiency Learning-Engagement-Research Knowledge Sharing Support (LEARN),contract,OSC 16 - Option 15 - LABOR,9/30/2028," $20,176.42 ",,OPRE,per spreadsheet 3/8/23; Updated per Amelia email 11/1/23; per Amelia email 7/16/24; per Amelia spreadsheet 8/13/24,C,EV,
1/25/2025,Downloaded,Per Apocalypse,Adios MAPS,Sheila,2028,G996121 (WR),14144,Family Self-Sufficiency Learning-Engagement-Research Knowledge Sharing Support (LEARN),Family Self-Sufficiency Learning-Engagement-Research Knowledge Sharing Support (LEARN),contract,OSC 16 - Option 15 - TRAVEL/MATERIALS,9/30/2028," $1,045.19 ",,OPRE,per spreadsheet 3/8/23; Updated per Amelia email 11/1/23; per Amelia email 7/16/24; per Amelia spreadsheet 8/13/24,C,EV,
1/25/2025,Downloaded,Per Apocalypse,Adios MAPS,Sheila,2028,G996121 (WR),14141,Family Self-Sufficiency Learning-Engagement-Research Knowledge Sharing Support (LEARN),Family Self-Sufficiency Learning-Engagement-Research Knowledge Sharing Support (LEARN),contract,OSC 9 - Option 8 - LABOR,8/19/2028," $42,785.30 ",,OPRE,per spreadsheet 3/8/23; Updated per Amelia email 11/1/23; per Amelia email 7/16/24; per Amelia spreadsheet 8/13/24,C,EV,
1/25/2025,Downloaded,Per Apocalypse,Adios MAPS,Sheila,2028,G996121 (WR),14142,Family Self-Sufficiency Learning-Engagement-Research Knowledge Sharing Support (LEARN),Family Self-Sufficiency Learning-Engagement-Research Knowledge Sharing Support (LEARN),contract,OSC 9 - Option 8 - TRAVEL/MATERIALS,8/19/2028," $44,949.42 ",,OPRE,per spreadsheet 3/8/23; Updated per Amelia email 11/1/23; per Amelia email 7/16/24; per Amelia spreadsheet 8/13/24,C,EV,
1/25/2025,Downloaded,Per Apocalypse,Adios MAPS,Sheila,2028,G99HRF2 (OPRE-HMRF),6098,HM-RF - FRAMING Research,Identifying Gaps in HMRF Learning (FRAMING),contract,OSC - 3,9/20/2028," $1,000,000.00 ",,OPRE,"per Sam's email 1-11-18, rev per Kriti's email 4-26=18; no plans to elect, pushed out per Katie email 9/16/21",C,EV,
3/12/2025,Downloaded,Per Apocalypse,MAPS Clean Up,Nancy,2028,G99MVB8 (MHV-28),14604,HV - Home Visiting Evidence Of Effectiveness (HomVEE),HomVEE 5,contract,Option 1.C,9/30/2028," $1,900,377.00 ",,OPRE,,N,EV,False
3/12/2025,Downloaded,Per Apocalypse,MAPS Clean Up,Nancy,2028,G99MVC8 (MHV-28),14610,HV - Home Visiting Evidence Of Effectiveness (HomVEE),HomVEE 5,contract,Option 3.E,9/30/2028," $267,825.00 ",,OPRE,,C,EV,False
3/12/2025,Downloaded,Per Apocalypse,MAPS Clean Up,Nancy,2028,G99MVM8 (MHV-28),14611,HV - Home Visiting Evidence Of Effectiveness (HomVEE),HomVEE 5,contract,Option 3.F,9/30/2028," $520,740.00 ",,OPRE,,C,EV,False
1/25/2025,Downloaded,Per Apocalypse,Adios MAPS,Sheila,2028,G99CR28 (OPRE CW Res),13738,NSCAW,State and National Survey of Child and Adolescent Well-being,contract,OSC 7,9/12/2028," $352,000.00 ",,OPRE,per new contract spreadsheet 2/8/24,C,EV,
1/25/2025,Downloaded,Per Apocalypse,Adios MAPS,Sheila,2028,G99TD24 (Traff Dom - 5 YR),12409,OTIP-Building Evidence For Trafficking Interventions And Response (BETIR),OTIP-Building Evidence for Trafficking Interventions and Response (BETIR),contract,Option 2,9/15/2028," $892,543.00 ",,OPRE,"per spreadsheet 3/14/23; updated per Mary email 3/28/23, Per Mary M email, final award 9-21 TE",C,EV,
1/25/2025,Downloaded,Per Apocalypse,Adios MAPS,Sheila,2028,G996121 (WR),14567,Project SUPPORTT - Supporting Pilot Program Outcomes,Project SUPPORTT - Phase 2,contract,OSC 10,9/30/2028," $690,188.00 ",,OPRE,per new contract spreadsheet 10/28/24,C,EV,
1/25/2025,Downloaded,Per Apocalypse,Adios MAPS,Sheila,2028,G996121 (WR),14408,Project SUPPORTT - Supporting Pilot Program Outcomes,Project SUPPORTT - Supporting Pilot Program Outcomes Research and Technical Assistance in TANF,contract,OSC 4 - Labor (CPFF),," $635,210.18 ",0,OPRE,per Lauren email 10/7/24; per Amelia email 10/28/24,C,EV,
1/25/2025,Downloaded,Per Apocalypse,Adios MAPS,Sheila,2028,G996121 (WR),14409,Project SUPPORTT - Supporting Pilot Program Outcomes,Project SUPPORTT - Supporting Pilot Program Outcomes Research and Technical Assistance in TANF,contract,OSC 4 - ODC,," $7,497.69 ",0,OPRE,per Lauren email 10/7/24; per Amelia email 10/28/24,C,EV,
1/25/2025,Downloaded,Per Apocalypse,Adios MAPS,Sheila,2028,G996121 (WR),14410,Project SUPPORTT - Supporting Pilot Program Outcomes,Project SUPPORTT - Supporting Pilot Program Outcomes Research and Technical Assistance in TANF,contract,OSC 4 - Travel,," $8,624.90 ",0,OPRE,per Lauren email 10/7/24; per Amelia email 10/28/24,C,EV,
1/25/2025,Downloaded,Per Apocalypse,Adios MAPS,Sheila,2028,G996121 (WR),14327,Research And Eval Conference On Self-Suff (RECS),OPRE Research Conferences and Technical Support,contract,Option 2b,1/31/2028," $4,667.92 ",,OPRE,per new contract spreadsheet 1/12/24; per Liz email 5/14/24; Liz email 9/24/24,C,EV,
1/25/2025,Downloaded,Per Apocalypse,Adios MAPS,Sheila,2028,G996121 (WR),14326,Research And Eval Conference On Self-Suff (RECS),OPRE Research Conferences and Technical Support,contract,Option 2b,1/31/2028," $182,597.64 ",,OPRE,per new contract spreadsheet 1/12/24; per Liz email 5/14/24; Liz email 9/24/24,C,EV,
1/25/2025,Downloaded,Per Apocalypse,Adios MAPS,Sheila,2028,G996121 (WR),14325,Research And Eval Conference On Self-Suff (RECS),OPRE Research Conferences and Technical Support,contract,Option 2b,1/31/2028," $218,522.60 ",,OPRE,per new contract spreadsheet 1/12/24; per Liz email 5/14/24; Liz email 9/24/24,C,EV,
1/25/2025,Downloaded,Per Apocalypse,Adios MAPS,Sheila,2028,G996121 (WR),13696,Research And Eval Conference On Self-Suff (RECS),OPRE Research Conferences and Technical Support,contract,Option 2b,1/31/2028," $221,269.02 ",,OPRE,per new contract spreadsheet 1/12/24; per Liz email 5/14/24; Liz email 9/24/24,C,EV,
1/25/2025,Downloaded,Per Apocalypse,Adios MAPS,Sheila,2028,G99HS28 (HS-5 YR),14340,Research And Eval Conference On Self-Suff (RECS),OPRE Research Conferences and Technical Support,contract,Option 4b,12/31/2027," $3,941.09 ",,OPRE,per new contract spreadsheet 1/12/24; per Liz email 5/14/24; Liz email 9/24/24,C,EV,
1/25/2025,Downloaded,Per Apocalypse,Adios MAPS,Sheila,2028,G99HS28 (HS-5 YR),14339,Research And Eval Conference On Self-Suff (RECS),OPRE Research Conferences and Technical Support,contract,Option 4b,12/31/2027," $105,773.42 ",,OPRE,per new contract spreadsheet 1/12/24; per Liz email 5/14/24; Liz email 9/24/24,C,EV,
1/25/2025,Downloaded,Per Apocalypse,Adios MAPS,Sheila,2028,G99HS28 (HS-5 YR),13876,Research And Eval Conference On Self-Suff (RECS),OPRE Research Conferences and Technical Support,contract,Option 4b,12/31/2027," $181,251.56 ",,OPRE,per new contract spreadsheet 1/12/24; per Liz email 5/14/24; Liz email 9/24/24,C,EV,
1/25/2025,Downloaded,Per Apocalypse,Adios MAPS,Sheila,2028,G99HS28 (HS-5 YR),14338,Research And Eval Conference On Self-Suff (RECS),OPRE Research Conferences and Technical Support,contract,Option 4b,12/31/2027," $238,453.10 ",,OPRE,per new contract spreadsheet 1/12/24; per Liz email 5/14/24; Liz email 9/24/24,C,EV,
1/25/2025,Downloaded,Per Apocalypse,Adios MAPS,Sheila,2028,G99HS23 (HS-5 YR),14434,Tribal Early Childhood And Family Economic Well-Being Research Center (TRC),Tribal Early Childhood and Family Economic Well-Being Research Center (TRC),grants,Year 4 - Grant 1 of 4,9/30/2028," $250,000.00 ",,OPRE,,C,?,
3/12/2025,Downloaded,Per Apocalypse,MAPS Clean Up,Nancy,2028,G99MVC8  (MHV-28),14435,Tribal Early Childhood And Family Economic Well-Being Research Center (TRC),Tribal Early Childhood and Family Economic Well-Being Research Center (TRC),grants,Year 4 - Grant 2 of 4,9/30/2028," $250,000.00 ",,OPRE,,C,?,
1/25/2025,Downloaded,Per Apocalypse,Adios MAPS,Sheila,2028,G99WRGB (CCE),14436,Tribal Early Childhood And Family Economic Well-Being Research Center (TRC),Tribal Early Childhood and Family Economic Well-Being Research Center (TRC),grants,Year 4 - Grant 3 of 4,9/30/2028," $250,000.00 ",,OPRE,,C,?,
1/25/2025,Downloaded,Per Apocalypse,Adios MAPS,Sheila,2028,G996121 (WR),14437,Tribal Early Childhood And Family Economic Well-Being Research Center (TRC),Tribal Early Childhood and Family Economic Well-Being Research Center (TRC),grants,Year 4 - Grant 4 of 4,9/30/2028," $250,000.00 ",,OPRE,,C,?,
1/25/2025,Downloaded,Per Apocalypse,Adios MAPS,Sheila,2028,G996121 (WR),13599,Website Support,Shared - Website Support - 2024,contract,OSC 5,9/30/2028," $134,032.50 ",,OPRE,per new contract spreadsheet 1/4/24,C,EV,
1/25/2025,Downloaded,Per Apocalypse,Adios MAPS,Sheila,2028,G996146 (OFA-WR),13604,Website Support,Shared - Website Support - 2024,contract,OSC 5,9/30/2028," $20,000.00 ",,OPRE,per new contract spreadsheet 1/4/24,C,EV,
1/25/2025,Downloaded,Per Apocalypse,Adios MAPS,Sheila,2028,G99CC28 (CC - 5 YR),13601,Website Support,Shared - Website Support - 2024,contract,OSC 5,9/30/2028," $155,899.50 ",,OPRE,per new contract spreadsheet 1/4/24,C,EV,
1/25/2025,Downloaded,Per Apocalypse,Adios MAPS,Sheila,2028,G99HRF2 (OPRE-HMRF),13603,Website Support,Shared - Website Support - 2024,contract,OSC 5,9/30/2028," $58,219.50 ",,OPRE,per new contract spreadsheet 1/4/24,C,EV,
1/25/2025,Downloaded,Per Apocalypse,Adios MAPS,Sheila,2028,G99HS28 (HS-5 YR),13600,Website Support,Shared - Website Support - 2024,contract,OSC 5,9/30/2028," $93,184.50 ",,OPRE,per new contract spreadsheet 1/4/24,C,EV,
1/25/2025,Downloaded,Per Apocalypse,Adios MAPS,Sheila,2028,G99RD28 (R&D-5 YR),13598,Website Support,Shared - Website Support - 2024,contract,OSC 5,9/30/2028," $35,020.50 ",,OPRE,per new contract spreadsheet 1/4/24,C,EV,
1/25/2025,Downloaded,Per Apocalypse,Adios MAPS,Sheila,2028,G99WRGB (CCE),13602,Website Support,Shared - Website Support - 2024,contract,OSC 5,9/30/2028," $78,643.50 ",,OPRE,per new contract spreadsheet 1/4/24,C,EV,
1/25/2025,Downloaded,Per Apocalypse,Adios MAPS,Sheila,2029,G99RD29 (R&D-5 YR),13764,ACF Data Capacity,ACF Data Capacity,contract,FAR 52.217-8 Optional 6 month extension (Core Component),9/30/2029," $1,452,529.82 ",,OPRE,per Bethanne email 2/15/24; per Rafael email 7/25/24,C,EV,
1/25/2025,Downloaded,Per Apocalypse,Adios MAPS,Sheila,2029,G99RD29 (R&D-5 YR),14060,ACF Data Capacity,ACF Data Capacity,contract,FAR 52.217-8 Optional 6 month extension (Surge Component),9/30/2029," $2,137,235.77 ",,OPRE,per Bethanne email 2/15/24; per Rafael email 7/25/24,C,EV,
1/25/2025,Downloaded,Per Apocalypse,Adios MAPS,Sheila,2029,G99RD29 (R&D-5 YR),14066,ACF Data Capacity,ACF Data Capacity,contract,Option 4 Core GFE Estimate,9/30/2029," $325,000.00 ",,OPRE,per Bethanne 2/15/24; per Bethanne email 9/16/24,C,EV,
1/25/2025,Downloaded,Per Apocalypse,Adios MAPS,Sheila,2029,G99HS29 (HS-5 YR),14594,Baby FACES,Baby Faces 2024?,contract,OSC 4 - HS,9/15/2029," $1,000,000.00 ",,OPRE,per Amy M emaill - data sheets - 5-18-18; Updated per Jenessa Malin email 5/7/24; updated per Jenessa Malin 11/19/24,C,EV,
1/25/2025,Downloaded,Per Apocalypse,Adios MAPS,Sheila,2029,G99CC29 (CC - 5 YR),14737,CCPRP: Evaluating CCDF Lead Agencies’ Consumer Education Strategies,Evaluating CCDF Lead Agencies Consumer Education Strategies,grants,Year 5 - Grant 1 of 6,9/30/2029," $450,000.00 ",,OPRE,,C,EV,
1/25/2025,Downloaded,Per Apocalypse,Adios MAPS,Sheila,2029,G99CC29 (CC - 5 YR),14738,CCPRP: Evaluating CCDF Lead Agencies’ Consumer Education Strategies,Evaluating CCDF Lead Agencies Consumer Education Strategies,grants,Year 5 - Grant 2 of 6,9/30/2029," $450,000.00 ",,OPRE,,C,EV,
1/25/2025,Downloaded,Per Apocalypse,Adios MAPS,Sheila,2029,G99CC29 (CC - 5 YR),14739,CCPRP: Evaluating CCDF Lead Agencies’ Consumer Education Strategies,Evaluating CCDF Lead Agencies Consumer Education Strategies,grants,Year 5 - Grant 3 of 6,9/30/2029," $450,000.00 ",,OPRE,,C,EV,
1/25/2025,Downloaded,Per Apocalypse,Adios MAPS,Sheila,2029,G99CC29 (CC - 5 YR),14740,CCPRP: Evaluating CCDF Lead Agencies’ Consumer Education Strategies,Evaluating CCDF Lead Agencies Consumer Education Strategies,grants,Year 5 - Grant 4 of 6,9/30/2029," $450,000.00 ",,OPRE,,C,EV,
1/25/2025,Downloaded,Per Apocalypse,Adios MAPS,Sheila,2029,G99CC29 (CC - 5 YR),14741,CCPRP: Evaluating CCDF Lead Agencies’ Consumer Education Strategies,Evaluating CCDF Lead Agencies Consumer Education Strategies,grants,Year 5 - Grant 5 of 6,9/30/2029," $450,000.00 ",,OPRE,,C,EV,
1/25/2025,Downloaded,Per Apocalypse,Adios MAPS,Sheila,2029,G99CC29 (CC - 5 YR),14742,CCPRP: Evaluating CCDF Lead Agencies’ Consumer Education Strategies,Evaluating CCDF Lead Agencies Consumer Education Strategies,grants,Year 5 - Grant 6 of 6,9/30/2029," $450,000.00 ",,OPRE,,C,EV,
1/25/2025,Downloaded,Per Apocalypse,Adios MAPS,Sheila,2029,G99RD29 (R&D-5 YR),14575,Evidence Capacity Support,Evidence Capacity Support 2.0,contract,OY 4 Core Services,8/15/2029," $575,000.00 ",,OPRE,per new award spreadsheet 10/29/24,C,EV,False
3/12/2025,Downloaded,Per Apocalypse,MAPS Clean Up,Nancy,2029,G99MVB9 (MHV-29),14612,HV - Home Visiting Evidence Of Effectiveness (HomVEE),HomVEE 5,contract,Option 3.G,9/30/2029," $273,027.00 ",,OPRE,,C,EV,False
3/12/2025,Downloaded,Per Apocalypse,MAPS Clean Up,Nancy,2029,G99MVC9 (MHV-29),14613,HV - Home Visiting Evidence Of Effectiveness (HomVEE),HomVEE 5,contract,Option 3.H,9/30/2029," $531,144.00 ",,OPRE,,C,EV,False
3/12/2025,Downloaded,Per Apocalypse,MAPS Clean Up,Nancy,2029,G99MVM9 (MHV-29),14614,HV - Home Visiting Evidence Of Effectiveness (HomVEE),HomVEE 5,contract,Option 3.I,9/30/2029," $1,802,899.00 ",,OPRE,,C,EV,False
1/25/2025,Downloaded,Per Apocalypse,Adios MAPS,Sheila,2029,G996121 (WR),14568,Project SUPPORTT - Supporting Pilot Program Outcomes,Project SUPPORTT - Phase 2,contract,OSC 4,9/30/2029," $440,184.00 ",,OPRE,per new contract spreadsheet 10/28/24,C,EV,
1/25/2025,Downloaded,Per Apocalypse,Adios MAPS,Sheila,2029,G996121 (WR),14569,Project SUPPORTT - Supporting Pilot Program Outcomes,Project SUPPORTT - Phase 2,contract,OSC 6,9/30/2029," $499,750.00 ",,OPRE,per new contract spreadsheet 10/28/24,C,EV,
1/25/2025,Downloaded,Per Apocalypse,Adios MAPS,Sheila,2029,G99HS23 (HS-5 YR),14438,Tribal Early Childhood And Family Economic Well-Being Research Center (TRC),Tribal Early Childhood and Family Economic Well-Being Research Center (TRC),grants,Year 5 - Grant 1 of 4,9/30/2029," $250,000.00 ",,OPRE,,C,?,
3/12/2025,Downloaded,Per Apocalypse,MAPS Clean Up,Nancy,2029,G99MVC9 (MHV-29),14439,Tribal Early Childhood And Family Economic Well-Being Research Center (TRC),Tribal Early Childhood and Family Economic Well-Being Research Center (TRC),grants,Year 5 - Grant 2 of 4,9/30/2029," $250,000.00 ",,OPRE,,C,?,
1/25/2025,Downloaded,Per Apocalypse,Adios MAPS,Sheila,2029,G99WRGB (CCE),14440,Tribal Early Childhood And Family Economic Well-Being Research Center (TRC),Tribal Early Childhood and Family Economic Well-Being Research Center (TRC),grants,Year 5 - Grant 3 of 4,9/30/2029," $250,000.00 ",,OPRE,,C,?,
1/25/2025,Downloaded,Per Apocalypse,Adios MAPS,Sheila,2029,G996121 (WR),14441,Tribal Early Childhood And Family Economic Well-Being Research Center (TRC),Tribal Early Childhood and Family Economic Well-Being Research Center (TRC),grants,Year 5 - Grant 4 of 4,9/30/2029," $250,000.00 ",,OPRE,,C,?,
1/25/2025,Downloaded,Per Apocalypse,Adios MAPS,Sheila,2030,G99HRF2 (OPRE-HMRF),11327,Child And Family Data Archive,NIH - Child And Family Data Archive,iaa,OSC 6,6/7/2030," $120,000.00 ",,OPRE,"per spreadsheet - 2/18/22; updated per Chris spreadsheet 5/4, $0 in contract; moved per Katie email 2/7/23",C,EV,False
1/25/2025,Downloaded,Per Apocalypse,Adios MAPS,Sheila,2030,G996121 (WR),11179,Child And Family Data Archive,NIH - Child And Family Data Archive,iaa,OSC 7,6/15/2030," $399,930.00 ",,OPRE,"per spreadsheet - 2/18/22; updated per Chris spreadsheet 5/4, $0 in contract; Updated per Nicole C email 6/18/2024",C,EV,False
1/25/2025,Downloaded,Per Apocalypse,Adios MAPS,Sheila,2030,G99HS23 (HS-5 YR),6723,Comprehensive Services In HS/EHS,The Head Start Coordinating Comprehensive Services for Addressing Family Needs,contract,OSC 5,9/20/2030," $171,718.81 ",,OPRE,"per email from Amanda Coleman, modified per Amy M email 5-18-18 - per datasheets, updated per Amy email 8-13-18;  updated per Amanda email 9/6; date needed updated per Sarah email 9/15/22; date needed updated per Amy spreadsheet 12/27/22",C,EV,True
1/25/2025,Downloaded,Per Apocalypse,Adios MAPS,Sheila,2030,G999016 (CC),5247,Culture Of Continuous Learning (CCL) Project,Culture of Continuous Learning (CCL) Project,contract,OSC 2,9/30/2030," $248,815.00 ",,OPRE,will not be elected - pushed to out year per Ivelisse email 3/16/21,C,EV,True
1/25/2025,Downloaded,Per Apocalypse,Adios MAPS,Sheila,2030,G99HS23 (HS-5 YR),8602,ECE Workforce Support And Retention,ECE Workforce Support and Retention: Demonstration and Evaluation of Promising Strategies,contract,OSC 2.d - Secondary Data Analysis,9/20/2030," $324,507.73 ",,OPRE,per new Contract spreadsheet submitted 1-27-20; modified per Ann R Email 3-27-20; updated per final numbers 9/15/20; updated per Amy M spreadsheet 12/27/22,C,EV,True
1/25/2025,Downloaded,Per Apocalypse,Adios MAPS,Sheila,2030,G99HS23 (HS-5 YR),12290,ECE Workforce Support And Retention,ECE Workforce Support and Retention: Demonstration and Evaluation of Promising Strategies,contract,OSC 4.a - Original data Collection (small - requiring OMB),9/1/2030," $922,629.24 ",,OPRE,per new Contract spreadsheet submitted 1-27-20; modified per Ann R Email 3-27-20; updated per final numbers spreadsheet 9/15/20; Updated 8/3/2022 as per 8/2/2022 per Ann R Email; updated per Amy M spreadsheet 12/27/22,C,EV,True
1/25/2025,Downloaded,Per Apocalypse,Adios MAPS,Sheila,2030,G994426 (HS),2205,EHSREP Tracking - 2012-2016,Early Head Start (EHS) Tracking,contract,OSC 4,9/30/2030," $474,210.00 ",,OPRE,,C,EV,True
1/25/2025,Downloaded,Per Apocalypse,Adios MAPS,Sheila,2030,G994426 (HS),2206,EHSREP Tracking - 2012-2016,Early Head Start (EHS) Tracking,contract,OSC 5,9/30/2030," $224,914.00 ",,OPRE,,C,EV,True
1/25/2025,Downloaded,Per Apocalypse,Adios MAPS,Sheila,2030,G996121 (WR),2299,Employment And Training,Employment Strategies Evidence Review (ESER),contract,OSC3,7/1/2030," $183,888.00 ",,OPRE,moved to FY 22 - per Mark Meeting 10-15-15; pushed out FY per Kim email 7/8/21,C,EV,True
1/25/2025,Downloaded,Per Apocalypse,Adios MAPS,Sheila,2030,G998050 (ACYF),4668,Eval Of The Runaway And Homeless Youth TLP,Evaluation of the Runaway and Homeless Youth Transitional Living Program (TLP),contract,OSC 5 - Exercise As Is,9/30/2030," $278,448.00 ",,OPRE,Updated per contract review with Catherine & Sheila,C,EV,True
1/25/2025,Downloaded,Per Apocalypse,Adios MAPS,Sheila,2030,G996121 (WR),12345,Evaluation Of TANF Coaching,Evaluation of TANF Coaching,contract,OSC 5 - Inc LOE and Extend POP,9/30/2030," $252,694.00 ",,OPRE,Per Hilary Email 1-29-18; ; FY pushed out per Hilary 1/20/20; pushed out per Hilary email 1/18/23,C,EV,True
1/25/2025,Downloaded,Per Apocalypse,Adios MAPS,Sheila,2030,G996121 (WR),12346,Evaluation Of TANF Coaching,Evaluation of TANF Coaching,contract,OSC 5 - Summative reporting and special analyses,9/30/2030," $574,251.00 ",,OPRE,"Per Mark Mtg 2-16-16, modified per Mark Mtg 5/3/16; 9/20/16: Updated per Hilary/Mark; FY pushed out per Hilary 1/20/20; pushed out per Hilary email 1/18/23",C,EV,True
1/25/2025,Downloaded,Per Apocalypse,Adios MAPS,Sheila,2030,G99WRGB (CCE),6785,Feasibility Study Interstate Criminal Bckgrnd Chk,Feasibility Study of Interstate Criminal Background Checks,contract,CLIN 8b / CLIN 17,6/1/2030," $129,577.00 ",,OPRE,moved to FY20 per Ivelisse email 6-14-19; updated per Sarah email 10/26/20,C,EV,True
1/25/2025,Downloaded,Per Apocalypse,Adios MAPS,Sheila,2030,G99CC22 (CC - 5 YR),6685,Feasibility Study Interstate Criminal Bckgrnd Chk,Feasibility Study of Interstate Criminal Background Checks,contract,CLIN 8c / CLIN 18,10/1/2030," $134,896.00 ",,OPRE,per Meryl email 9/7,C,EV,True
1/25/2025,Downloaded,Per Apocalypse,Adios MAPS,Sheila,2030,G99CC22 (CC - 5 YR),6686,Feasibility Study Interstate Criminal Bckgrnd Chk,Feasibility Study of Interstate Criminal Background Checks,contract,CLIN 8d  /CLIN 19,10/1/2030," $134,896.00 ",,OPRE,per Meryl email 9/7,C,EV,True
1/25/2025,Downloaded,Per Apocalypse,Adios MAPS,Sheila,2030,G99WRGB (CCE),6771,Feasibility Study Interstate Criminal Bckgrnd Chk,Feasibility Study of Interstate Criminal Background Checks,contract,OSC 2b/ CLIN 3,10/1/2030," $99,838.00 ",,OPRE,"per Meryl email 9/7; updated CAN per Ivelisse email 10/27/2018, date chged per Ivelisse 12/30/19",C,EV,True
1/25/2025,Downloaded,Per Apocalypse,Adios MAPS,Sheila,2030,G99CC22 (CC - 5 YR),6772,Feasibility Study Interstate Criminal Bckgrnd Chk,Feasibility Study of Interstate Criminal Background Checks,contract,OSC 2c / CLIN 4,10/1/2030," $99,838.00 ",,OPRE,Per Meryl email 9/7; changed per ivelisse spreadsheet 3-11-19,C,EV,True
1/25/2025,Downloaded,Per Apocalypse,Adios MAPS,Sheila,2030,G99CC22 (CC - 5 YR),6774,Feasibility Study Interstate Criminal Bckgrnd Chk,Feasibility Study of Interstate Criminal Background Checks,contract,OSC 3c / CLIN 7,10/1/2030," $289,657.00 ",,OPRE,per Meryl email 9/7; changed per ivelisse spreadsheet 3-11-19,C,EV,True
1/25/2025,Downloaded,Per Apocalypse,Adios MAPS,Sheila,2030,G99CC22 (CC - 5 YR),6778,Feasibility Study Interstate Criminal Bckgrnd Chk,Feasibility Study of Interstate Criminal Background Checks,contract,OSC 4c / CLIN 10,10/1/2030," $123,852.00 ",,OPRE,per Meryl email 9/7; changed per ivelisse spreadsheet 3-11-19,C,EV,True
1/25/2025,Downloaded,Per Apocalypse,Adios MAPS,Sheila,2030,G99CC22 (CC - 5 YR),6779,Feasibility Study Interstate Criminal Bckgrnd Chk,Feasibility Study of Interstate Criminal Background Checks,contract,OSC 5a / CLIN 11,6/1/2030," $135,717.00 ",,OPRE,,C,EV,True
1/25/2025,Downloaded,Per Apocalypse,Adios MAPS,Sheila,2030,G99CC22 (CC - 5 YR),6780,Feasibility Study Interstate Criminal Bckgrnd Chk,Feasibility Study of Interstate Criminal Background Checks,contract,OSC 5b / CLIN 12,10/1/2030," $128,454.00 ",,OPRE,per Meryl email 9/7; updated per Sarah email 10/26/20,C,EV,True
1/25/2025,Downloaded,Per Apocalypse,Adios MAPS,Sheila,2030,G99CC22 (CC - 5 YR),6781,Feasibility Study Interstate Criminal Bckgrnd Chk,Feasibility Study of Interstate Criminal Background Checks,contract,OSC 5c / CLIN 13,10/1/2030," $123,102.00 ",,OPRE,per Meryl email 9/7,C,EV,True
1/25/2025,Downloaded,Per Apocalypse,Adios MAPS,Sheila,2030,G99WRGB (CCE),6773,Feasibility Study Interstate Criminal Bckgrnd Chk,Feasibility Study of Interstate Criminal Background Checks,contract,OSC3b / CLIN 6,10/1/2030," $294,697.00 ",,OPRE,per Meryl email 9/7; updated CAN per Ivelisse email 10/27/2018; changed per ivelisse spreadsheet 3-11-19,C,EV,True
1/25/2025,Downloaded,Per Apocalypse,Adios MAPS,Sheila,2030,G99CC22 (CC - 5 YR),6777,Feasibility Study Interstate Criminal Bckgrnd Chk,Feasibility Study of Interstate Criminal Background Checks,contract,OSC4b / CLIN 9,10/1/2030," $127,730.00 ",,OPRE,per Meryl email 9/7,C,EV,True
1/25/2025,Downloaded,Per Apocalypse,Adios MAPS,Sheila,2030,G99HRF2 (OPRE-HMRF),5428,HM-RF Fathers And Child Welfare,Fathers and Child Welfare,contract,OSC 3,9/20/2030," $377,219.00 ",,OPRE,"OFA CAN TBD Per Anna email 3/31/17, modified per Anna email 4-20 and 4-25-17; Amt updated per Anna email 5/25/17; CAN updated per Sheila email 5/25,, revised per Nicole C email 9-12-17; Moved to FY20 per Pooja email 10/25; not planning on electing per Katie email 9/8/21 - moved to FY30",C,EV,
1/25/2025,Downloaded,Per Apocalypse,Adios MAPS,Sheila,2030,G99HRF2 (OPRE-HMRF),3318,HM-RF SUHMRE,Same-sex Approaches in healthy Marriage Education (SUHMRE),contract,OSC2,9/30/2030," $239,551.00 ",,OPRE,,C,EV,True
1/25/2025,Downloaded,Per Apocalypse,Adios MAPS,Sheila,2030,G99HRF2 (OPRE-HMRF),3317,HM-RF SUHMRE,Same-sex Approaches in healthy Marriage Education (SUHMRE),contract,OSC3,9/30/2030," $799,856.00 ",,OPRE,,C,EV,True
1/25/2025,Downloaded,Per Apocalypse,Adios MAPS,Sheila,2030,G99HS23 (HS-5 YR),11090,HS - Study Of Head Start Transitions,NIH - HS2K Follow-on,iaa,OSC 2 - $0 in contract,10/1/2030," $69,001.00 ",,OPRE,per final award; per Kathleen email 1/29/23,C,EV,False
1/25/2025,Downloaded,Per Apocalypse,Adios MAPS,Sheila,2030,G99HS23 (HS-5 YR),11091,HS - Study Of Head Start Transitions,NIH - HS2K Follow-on,iaa,OSC 3 - $0 in contract,10/1/2030," $69,001.00 ",,OPRE,per final award; per Kathleen email 1/29/23,C,EV,False
1/25/2025,Downloaded,Per Apocalypse,Adios MAPS,Sheila,2030,,2741,HV - MIHOPE Projects,HV - MIHOPE Check-in,contract,OSC 5,1/1/2030," $430,457.00 ",,OPRE,Moved to 2030 2-23-21,C,EV,True
1/25/2025,Downloaded,Per Apocalypse,Adios MAPS,Sheila,2030,,2742,HV - MIHOPE Projects,HV - MIHOPE Check-in,contract,OSC 6,1/1/2030," $389,102.00 ",,OPRE,Moved to 2030 2-23-21,C,EV,True
1/25/2025,Downloaded,Per Apocalypse,Adios MAPS,Sheila,2030,,2740,HV - MIHOPE Projects,HV - MIHOPE Check-in,contract,OSC 7,1/1/2030," $484,949.00 ",,OPRE,Moved to 2030 2-23-21,C,EV,True
1/25/2025,Downloaded,Per Apocalypse,Adios MAPS,Sheila,2030,,2489,HV - MIHOPE Projects,HV - MIHOPE Check-in,contract,SC 4,8/1/2030," $1,677,682.00 ",,OPRE,Moved to 2030 2-23-21,C,EV,True
1/25/2025,Downloaded,Per Apocalypse,Adios MAPS,Sheila,2030,G996121 (WR),12348,Hard To Employ (H2E),Next Generation of Enhanced Employment Strategies  (H2E - FY18),contract,OSC 5 - Not electing,9/30/2030," $664,673.00 ",,OPRE,"per spreadsheet email 4-26/18; updated per Hilary email 9/12; Hilary updated timing on 12/8, pushed back due to COVID delays; pushed to FY22 per Hilary 1/20/21",C,EV,True
1/25/2025,Downloaded,Per Apocalypse,Adios MAPS,Sheila,2030,G996121 (WR),12347,Hard To Employ (H2E),Next Generation of Enhanced Employment Strategies  (H2E - FY18),contract,OSC 6,9/30/2030," $4,537,644.00 ",,OPRE,"updated 9.8.21 by GN.  /// per spreadsheet email 4-26/18; updated per Hilary email 9/12; Hilary updated 12/9/20, pushing back to FY22 due to COVID delays; pushed out per Hilary email 1/18/23",C,EV,True
1/25/2025,Downloaded,Per Apocalypse,Adios MAPS,Sheila,2030,G99SS23 (PREP),4625,PREP,PREP PMAPS - Studies of Perf Measures & Adult Prep Subjects,contract,OSC 3.1 (OPTASI),9/30/2030," $1,205,349.00 ",,OPRE,,C,EV,True
1/25/2025,Downloaded,Per Apocalypse,Adios MAPS,Sheila,2030,G99SS23 (PREP),4624,PREP,PREP PMAPS - Studies of Perf Measures & Adult Prep Subjects,contract,OSC 3.2 (OPTASI),9/30/2030," $982,385.00 ",,OPRE,,C,EV,True
1/25/2025,Downloaded,Per Apocalypse,Adios MAPS,Sheila,2030,G99SS23 (PREP),4623,PREP,PREP PMAPS - Studies of Perf Measures & Adult Prep Subjects,contract,OSC 3.3 (OPTASI),9/30/2030," $994,573.00 ",,OPRE,,C,EV,True
1/25/2025,Downloaded,Per Apocalypse,Adios MAPS,Sheila,2030,G99SS23 (PREP),4622,PREP,PREP PMAPS - Studies of Perf Measures & Adult Prep Subjects,contract,OSC 3.4 (OPTASI),9/30/2030," $996,840.00 ",,OPRE,,C,EV,True
1/25/2025,Downloaded,Per Apocalypse,Adios MAPS,Sheila,2030,G99SS23 (PREP),4621,PREP,PREP PMAPS - Studies of Perf Measures & Adult Prep Subjects,contract,OSC 3.5 (OPTASI),9/30/2030," $985,428.00 ",,OPRE,,C,EV,True
1/25/2025,Downloaded,Per Apocalypse,Adios MAPS,Sheila,2030,G99SS23 (PREP),4626,PREP,PREP PMAPS - Studies of Perf Measures & Adult Prep Subjects,contract,OSC 3.6 (OPTASI),9/30/2030," $990,938.00 ",,OPRE,,C,EV,True
1/25/2025,Downloaded,Per Apocalypse,Adios MAPS,Sheila,2030,G99SS23 (PREP),4631,PREP,PREP PMAPS - Studies of Perf Measures & Adult Prep Subjects,contract,OSC 4.1 (OPTAPS2),9/30/2030," $2,518,065.00 ",,OPRE,,C,EV,True
1/25/2025,Downloaded,Per Apocalypse,Adios MAPS,Sheila,2030,G99SS23 (PREP),4630,PREP,PREP PMAPS - Studies of Perf Measures & Adult Prep Subjects,contract,OSC 4.2 (OPTAPS2),9/30/2030," $2,106,340.00 ",,OPRE,,C,EV,True
1/25/2025,Downloaded,Per Apocalypse,Adios MAPS,Sheila,2030,G99SS23 (PREP),4629,PREP,PREP PMAPS - Studies of Perf Measures & Adult Prep Subjects,contract,OSC 4.3 (OPTAPS2),9/30/2030," $2,097,897.00 ",,OPRE,,C,EV,True
1/25/2025,Downloaded,Per Apocalypse,Adios MAPS,Sheila,2030,G99SS23 (PREP),4628,PREP,PREP PMAPS - Studies of Perf Measures & Adult Prep Subjects,contract,OSC 4.4 (OPTAPS2),9/30/2030," $2,123,000.00 ",,OPRE,,C,EV,True
1/25/2025,Downloaded,Per Apocalypse,Adios MAPS,Sheila,2030,G99SS23 (PREP),4627,PREP,PREP PMAPS - Studies of Perf Measures & Adult Prep Subjects,contract,OSC 4.5 (OPTAPS2),9/30/2030," $2,085,563.00 ",,OPRE,,C,EV,True
1/25/2025,Downloaded,Per Apocalypse,Adios MAPS,Sheila,2030,G99SS23 (PREP),4620,PREP,PREP PMAPS - Studies of Perf Measures & Adult Prep Subjects,contract,OSC 4.6 (OPTAPS2),9/30/2030," $2,211,533.00 ",,OPRE,,C,EV,True
1/25/2025,Downloaded,Per Apocalypse,Adios MAPS,Sheila,2030,G996121 (WR),6769,Pathways To Work Evidence Clearinghouse,Pathways to Work Evidence Clearinghouse,contract,OSC 6,11/1/2030," $126,776.00 ",,OPRE,"pushed out to 2030 - per Kim/Mark email to not exercise any time soon.  Cant delete, since it is part of the contract. - 8-11-20",C,EV,True
1/25/2025,Downloaded,Per Apocalypse,Adios MAPS,Sheila,2030,G996121 (WR),14570,Project SUPPORTT - Supporting Pilot Program Outcomes,Project SUPPORTT - Phase 2,contract,OSC 7,9/30/2030," $340,815.00 ",,OPRE,per new contract spreadsheet 10/28/24,C,EV,
1/25/2025,Downloaded,Per Apocalypse,Adios MAPS,Sheila,2030,G990596 (SRAE Disc),6303,Sexual Risk Avoidance Education (SRAE),SRAE National Evaluation,contract,OSC 2,6/20/2030," $1,099,856.00 ",,OPRE,"per Seth Email 4-26-18; again per Seth 9/14, moved to FY20, to clean up FY19 - smc 8-21-19
update to FY 2021- CGray 1/14/2020; moved to FY23 per CGray email 9/9/21",C,EV,True
1/25/2025,Downloaded,Per Apocalypse,Adios MAPS,Sheila,2030,G99HS23 (HS-5 YR),7977,Study Of Disability Coordinators & Services In HS,Study of Disability Coordinators and Services in HS,contract,OSC 3,9/30/2030," $226,241.29 ",,OPRE,"per Amy spreadsheet 1/29/19, chged per Wendy email 8/2/22",C,EV,True
1/25/2025,Downloaded,Per Apocalypse,Adios MAPS,Sheila,2030,G99HRF2 (OPRE-HMRF),3214,TANF 2-Parent Family Study,TANF 2-Parent Family Study,contract,OSC 2,9/30/2025," $279,536.00 ",,OPRE,,C,EV,True
1/25/2025,Downloaded,Per Apocalypse,Adios MAPS,Sheila,2030,G996121 (WR),5575,TANF Evid-Build Demonstration,Evidence Building in TANF (BEES),contract,OSC 5,9/30/2030," $710,084.00 ",,OPRE,"per spreadsheet received 5-18-17, modified 5/31/17; 9/15/17: updated per TM; updated per Megan email 11/23/22; pushed out per Hilary email 1/18/23",C,EV,True
1/25/2025,Downloaded,Per Apocalypse,Adios MAPS,Sheila,2030,G996121 (WR),12349,TANF Evid-Build Demonstration,Evidence Building in TANF (BEES),contract,OSC 7,9/30/2030," $465,527.00 ",,OPRE,per spreadsheet received 5-18-17; 9/15/17: Updated per TM; updated per Megan email 11/23/22; pushed out per Hilary email 1/18/23,C,EV,True
1/25/2025,Downloaded,Per Apocalypse,Adios MAPS,Sheila,2030,G996121 (WR),7657,Two-Gen Research Projects,Next Steps for Rigorous Research on Two-Generation Approaches (NS2G),contract,OSC 5 - Formative evaluation,10/15/2030," $111,866.00 ",,OPRE - CURRENT,"Per Hilary spreadsheet 10/26/18; Updated per Kathleen email 5/14; Final amts per Kathleen D email 9-5-19; moved FY21 & fully funded per Erin email 2/5/20; pushed out FY per Erin 11/20/20; Kathleen pushed out the FY as far as possible, as we do not plan to exercise this option",C,EV,True
1/25/2025,Downloaded,Per Apocalypse,Adios MAPS,Sheila,2030,G996121 (WR),9697,Understanding Financial Literacy Interventions,Understanding Financial Capability Interventions,contract,OSC 2,9/30/2030," $199,992.00 ",,OPRE,per Lisa email 2/23/21; shifted to CLIN 2 per Lisa email 3/4/21; updated per Lisa final numbers 4/26/21; per Nicole email 4/3/24,C,EV,True
3/12/2025,,,MAPS Clean Up,Nancy,2025,G99MVC5 (MHV-25),10158,HV - Home Visiting Evidence Of Effectiveness (HomVEE),NIH - HomVEE 4,Contract,,9/30/2025," $206,412.00 ",,,,C,EV,True
